name,pos,team,opp,week,itt,lambda,td_prob,kalshi_price,edge_pct,status,is_rostered_remfl
Saquon Barkley,RB,PHI,LAR,4,26.5,0.6307,0.4678,49,-2.2,ROSTERED_MFL,YES
Jahmyr Gibbs,RB,DET,CAR,4,27.0,0.5939,0.4478,47,-2.2,ROSTERED_MFL,YES
James Cook,RB,BUF,NE,4,27.5,0.5933,0.4475,47,-2.2,ROSTERED_MFL,YES
Chase Brown,RB,CIN,JAX,4,27.0,0.5272,0.4097,43,-2.0,ROSTERED_MFL,YES
Najee Harris,RB,NYG,ARI,4,21.0,0.4442,0.3587,38,-2.1,ROSTERED_MFL,YES
Kyle Monangai,RB,CHI,NYJ,4,23.0,0.4324,0.3511,38,-2.9,ROSTERED_MFL,YES
Jonathan Taylor,RB,IND,WAS,4,25.5,0.4211,0.3437,37,-2.6,ROSTERED_MFL,YES
Tank Bigsby,RB,PHI,LAR,4,26.5,0.4205,0.3433,37,-2.7,ROSTERED_MFL,YES
Jaydon Blue,RB,PHI,LAR,4,26.5,0.4205,0.3433,37,-2.7,ROSTERED_MFL,YES
Derrick Henry,RB,BAL,TEN,4,27.5,0.4185,0.342,37,-2.8,ROSTERED_MFL,YES
Justice Hill,RB,BAL,TEN,4,27.5,0.4185,0.342,37,-2.8,ROSTERED_MFL,YES
David Montgomery,RB,HOU,DAL,4,24.0,0.3886,0.322,35,-2.8,ROSTERED_MFL,YES
Woody Marks,RB,HOU,DAL,4,24.0,0.3886,0.322,35,-2.8,ROSTERED_MFL,YES
D'Andre Swift,RB,CHI,NYJ,4,23.0,0.3603,0.3025,33,-2.8,ROSTERED_MFL,YES
J.K. Dobbins,RB,DEN,SF,4,22.5,0.357,0.3002,33,-3.0,ROSTERED_MFL,YES
RJ Harvey,RB,DEN,SF,4,22.5,0.357,0.3002,33,-3.0,ROSTERED_MFL,YES
Jonah Coleman,RB,DEN,SF,4,22.5,0.357,0.3002,33,-3.0,ROSTERED_MFL,YES
Tyrone Tracy,RB,NYG,ARI,4,21.0,0.3417,0.2894,31,-2.1,ROSTERED_MFL,YES
Cam Skattebo,RB,NYG,ARI,4,21.0,0.3417,0.2894,31,-2.1,ROSTERED_MFL,YES
Kyle Juszczyk,RB,SFO,BYE,4,20.0,0.3303,0.2813,31,-2.9,ROSTERED_MFL,YES
Christian McCaffrey,RB,SFO,BYE,4,20.0,0.3303,0.2813,31,-2.9,ROSTERED_MFL,YES
Alvin Kamara,RB,NOS,BYE,4,20.0,0.3303,0.2813,31,-2.9,ROSTERED_MFL,YES
Aaron Jones,RB,MIN,BYE,4,20.0,0.3303,0.2813,31,-2.9,ROSTERED_MFL,YES
Josh Jacobs,RB,GBP,BYE,4,20.0,0.3303,0.2813,31,-2.9,ROSTERED_MFL,YES
AJ Dillon,RB,CAR,BYE,4,20.0,0.3303,0.2813,31,-2.9,ROSTERED_MFL,YES
Rico Dowdle,RB,PIT,BYE,4,20.0,0.3303,0.2813,31,-2.9,ROSTERED_MFL,YES
Travis Etienne,RB,NOS,BYE,4,20.0,0.3303,0.2813,31,-2.9,ROSTERED_MFL,YES
Kenneth Gainwell,RB,TBB,BYE,4,20.0,0.3303,0.2813,31,-2.9,ROSTERED_MFL,YES
Javonte Williams,RB,DAL,BYE,4,20.0,0.3303,0.2813,31,-2.9,ROSTERED_MFL,YES
Rhamondre Stevenson,RB,NEP,BYE,4,20.0,0.3303,0.2813,31,-2.9,ROSTERED_MFL,YES
Chuba Hubbard,RB,CAR,BYE,4,20.0,0.3303,0.2813,31,-2.9,ROSTERED_MFL,YES
Breece Hall,RB,NYJ,BYE,4,20.0,0.3303,0.2813,31,-2.9,ROSTERED_MFL,YES
Kyren Williams,RB,LAR,BYE,4,20.0,0.3303,0.2813,31,-2.9,ROSTERED_MFL,YES
Kenneth Walker III,RB,KCC,BYE,4,20.0,0.3303,0.2813,31,-2.9,ROSTERED_MFL,YES
Tyler Allgeier,RB,ARI,BYE,4,20.0,0.3303,0.2813,31,-2.9,ROSTERED_MFL,YES
Brian Robinson,RB,ATL,BYE,4,20.0,0.3303,0.2813,31,-2.9,ROSTERED_MFL,YES
Rachaad White,RB,WAS,BYE,4,20.0,0.3303,0.2813,31,-2.9,ROSTERED_MFL,YES
Jaylen Warren,RB,PIT,BYE,4,20.0,0.3303,0.2813,31,-2.9,ROSTERED_MFL,YES
Bijan Robinson,RB,ATL,BYE,4,20.0,0.3303,0.2813,31,-2.9,ROSTERED_MFL,YES
Sean Tucker,RB,TBB,BYE,4,20.0,0.3303,0.2813,31,-2.9,ROSTERED_MFL,YES
Zach Charbonnet,RB,SEA,BYE,4,20.0,0.3303,0.2813,31,-2.9,ROSTERED_MFL,YES
Chris Rodriguez,RB,JAC,BYE,4,20.0,0.3303,0.2813,31,-2.9,ROSTERED_MFL,YES
Keaton Mitchell,RB,LAC,BYE,4,20.0,0.3303,0.2813,31,-2.9,ROSTERED_MFL,YES
Emanuel Wilson,RB,SEA,BYE,4,20.0,0.3303,0.2813,31,-2.9,ROSTERED_MFL,YES
Blake Corum,RB,LAR,BYE,4,20.0,0.3303,0.2813,31,-2.9,ROSTERED_MFL,YES
Braelon Allen,RB,NYJ,BYE,4,20.0,0.3303,0.2813,31,-2.9,ROSTERED_MFL,YES
Jonathon Brooks,RB,CAR,BYE,4,20.0,0.3303,0.2813,31,-2.9,ROSTERED_MFL,YES
Bucky Irving,RB,TBB,BYE,4,20.0,0.3303,0.2813,31,-2.9,ROSTERED_MFL,YES
MarShawn Lloyd,RB,GBP,BYE,4,20.0,0.3303,0.2813,31,-2.9,ROSTERED_MFL,YES
George Holani,RB,SEA,BYE,4,20.0,0.3303,0.2813,31,-2.9,ROSTERED_MFL,YES
Ashton Jeanty,RB,LVR,BYE,4,20.0,0.3303,0.2813,31,-2.9,ROSTERED_MFL,YES
TreVeyon Henderson,RB,NEP,BYE,4,20.0,0.3303,0.2813,31,-2.9,ROSTERED_MFL,YES
Omarion Hampton,RB,LAC,BYE,4,20.0,0.3303,0.2813,31,-2.9,ROSTERED_MFL,YES
Bhayshul Tuten,RB,JAC,BYE,4,20.0,0.3303,0.2813,31,-2.9,ROSTERED_MFL,YES
Jordan James,RB,SFO,BYE,4,20.0,0.3303,0.2813,31,-2.9,ROSTERED_MFL,YES
Jacory Croskey-Merritt,RB,WAS,BYE,4,20.0,0.3303,0.2813,31,-2.9,ROSTERED_MFL,YES
Jeremiyah Love,RB,ARI,BYE,4,20.0,0.3303,0.2813,31,-2.9,ROSTERED_MFL,YES
Jadarian Price,RB,SEA,BYE,4,20.0,0.3303,0.2813,31,-2.9,ROSTERED_MFL,YES
Emmett Johnson,RB,KCC,BYE,4,20.0,0.3303,0.2813,31,-2.9,ROSTERED_MFL,YES
Mike Washington Jr.,RB,LVR,BYE,4,20.0,0.3303,0.2813,31,-2.9,ROSTERED_MFL,YES
Kaelon Black,RB,SFO,BYE,4,20.0,0.3303,0.2813,31,-2.9,ROSTERED_MFL,YES
Amon-Ra St. Brown,WR,DET,CAR,4,27.0,0.301,0.2599,28,-2.0,ROSTERED_MFL,YES
Jameson Williams,WR,DET,CAR,4,27.0,0.301,0.2599,28,-2.0,ROSTERED_MFL,YES
Sam LaPorta,TE,DET,CAR,4,27.0,0.301,0.2599,28,-2.0,ROSTERED_MFL,YES
D.J. Moore,WR,BUF,NE,4,27.5,0.3007,0.2597,28,-2.0,ROSTERED_MFL,YES
Khalil Shakir,WR,BUF,NE,4,27.5,0.3007,0.2597,28,-2.0,ROSTERED_MFL,YES
Dalton Kincaid,TE,BUF,NE,4,27.5,0.3007,0.2597,28,-2.0,ROSTERED_MFL,YES
Keon Coleman,WR,BUF,NE,4,27.5,0.3007,0.2597,28,-2.0,ROSTERED_MFL,YES
Tee Higgins,WR,CIN,JAX,4,27.0,0.2894,0.2513,28,-2.9,ROSTERED_MFL,YES
Ja'Marr Chase,WR,CIN,JAX,4,27.0,0.2894,0.2513,28,-2.9,ROSTERED_MFL,YES
Darius Slayton,WR,IND,WAS,4,25.5,0.2774,0.2422,27,-2.8,ROSTERED_MFL,YES
Alec Pierce,WR,IND,WAS,4,25.5,0.2774,0.2422,27,-2.8,ROSTERED_MFL,YES
Josh Downs,WR,IND,WAS,4,25.5,0.2774,0.2422,27,-2.8,ROSTERED_MFL,YES
Tyler Warren,TE,IND,WAS,4,25.5,0.2774,0.2422,27,-2.8,ROSTERED_MFL,YES
Dallas Goedert,TE,PHI,LAR,4,26.5,0.277,0.2419,27,-2.8,ROSTERED_MFL,YES
DeVonta Smith,WR,PHI,LAR,4,26.5,0.277,0.2419,27,-2.8,ROSTERED_MFL,YES
Dontayvion Wicks,WR,PHI,LAR,4,26.5,0.277,0.2419,27,-2.8,ROSTERED_MFL,YES
Mark Andrews,TE,BAL,TEN,4,27.5,0.2757,0.241,27,-2.9,ROSTERED_MFL,YES
Rashod Bateman,WR,BAL,TEN,4,27.5,0.2757,0.241,27,-2.9,ROSTERED_MFL,YES
Zay Flowers,WR,BAL,TEN,4,27.5,0.2757,0.241,27,-2.9,ROSTERED_MFL,YES
Pat Bryant,WR,DEN,SF,4,22.5,0.2646,0.2325,26,-2.7,PASS,NO
Quinshon Judkins,RB,CLE,PIT,4,18.0,0.2594,0.2285,25,-2.1,ROSTERED_MFL,YES
Dalton Schultz,TE,HOU,DAL,4,24.0,0.256,0.2259,25,-2.4,ROSTERED_MFL,YES
Nico Collins,WR,HOU,DAL,4,24.0,0.256,0.2259,25,-2.4,ROSTERED_MFL,YES
Rome Odunze,WR,CHI,NYJ,4,23.0,0.2374,0.2113,24,-2.9,ROSTERED_MFL,YES
Luther Burden,WR,CHI,NYJ,4,23.0,0.2374,0.2113,24,-2.9,ROSTERED_MFL,YES
Colston Loveland,TE,CHI,NYJ,4,23.0,0.2374,0.2113,24,-2.9,ROSTERED_MFL,YES
Courtland Sutton,WR,DEN,SF,4,22.5,0.2352,0.2096,23,-2.0,ROSTERED_MFL,YES
Jaylen Waddle,WR,DEN,SF,4,22.5,0.2352,0.2096,23,-2.0,ROSTERED_MFL,YES
Tony Pollard,RB,TEN,BAL,4,16.0,0.2331,0.2079,23,-2.2,ROSTERED_MFL,YES
Tyjae Spears,RB,TEN,BAL,4,16.0,0.2331,0.2079,23,-2.2,ROSTERED_MFL,YES
Isaiah Likely,TE,NYG,ARI,4,21.0,0.2251,0.2016,23,-2.8,ROSTERED_MFL,YES
Malik Nabers,WR,NYG,ARI,4,21.0,0.2251,0.2016,23,-2.8,ROSTERED_MFL,YES
Malachi Fields,WR,NYG,ARI,4,21.0,0.2251,0.2016,23,-2.8,ROSTERED_MFL,YES
Samaje Perine,RB,CIN,JAX,4,27.0,0.2197,0.1972,22,-2.3,PASS,NO
Travis Kelce,TE,KCC,BYE,4,20.0,0.2176,0.1956,22,-2.4,ROSTERED_MFL,YES
Mike Evans,WR,SFO,BYE,4,20.0,0.2176,0.1956,22,-2.4,ROSTERED_MFL,YES
Davante Adams,WR,LAR,BYE,4,20.0,0.2176,0.1956,22,-2.4,ROSTERED_MFL,YES
Odell Beckham,WR,FA,BYE,4,20.0,0.2176,0.1956,22,-2.4,ROSTERED_MFL,YES
Stefon Diggs,WR,WAS,BYE,4,20.0,0.2176,0.1956,22,-2.4,ROSTERED_MFL,YES
Darren Waller,TE,CAR,BYE,4,20.0,0.2176,0.1956,22,-2.4,ROSTERED_MFL,YES
Hunter Henry,TE,NEP,BYE,4,20.0,0.2176,0.1956,22,-2.4,ROSTERED_MFL,YES
Chris Godwin,WR,TBB,BYE,4,20.0,0.2176,0.1956,22,-2.4,ROSTERED_MFL,YES
George Kittle,TE,SFO,BYE,4,20.0,0.2176,0.1956,22,-2.4,ROSTERED_MFL,YES
DK Metcalf,WR,PIT,BYE,4,20.0,0.2176,0.1956,22,-2.4,ROSTERED_MFL,YES
A.J. Brown,WR,NEP,BYE,4,20.0,0.2176,0.1956,22,-2.4,ROSTERED_MFL,YES
Terry McLaurin,WR,WAS,BYE,4,20.0,0.2176,0.1956,22,-2.4,ROSTERED_MFL,YES
Jakobi Meyers,WR,JAC,BYE,4,20.0,0.2176,0.1956,22,-2.4,ROSTERED_MFL,YES
Deebo Samuel,WR,SFO,BYE,4,20.0,0.2176,0.1956,22,-2.4,ROSTERED_MFL,YES
T.J. Hockenson,TE,MIN,BYE,4,20.0,0.2176,0.1956,22,-2.4,ROSTERED_MFL,YES
CeeDee Lamb,WR,DAL,BYE,4,20.0,0.2176,0.1956,22,-2.4,ROSTERED_MFL,YES
Justin Jefferson,WR,MIN,BYE,4,20.0,0.2176,0.1956,22,-2.4,ROSTERED_MFL,YES
Juwan Johnson,TE,NOS,BYE,4,20.0,0.2176,0.1956,22,-2.4,ROSTERED_MFL,YES
Kyle Pitts,TE,ATL,BYE,4,20.0,0.2176,0.1956,22,-2.4,ROSTERED_MFL,YES
Pat Freiermuth,TE,PIT,BYE,4,20.0,0.2176,0.1956,22,-2.4,ROSTERED_MFL,YES
Drake London,WR,ATL,BYE,4,20.0,0.2176,0.1956,22,-2.4,ROSTERED_MFL,YES
Garrett Wilson,WR,NYJ,BYE,4,20.0,0.2176,0.1956,22,-2.4,ROSTERED_MFL,YES
Chris Olave,WR,NOS,BYE,4,20.0,0.2176,0.1956,22,-2.4,ROSTERED_MFL,YES
George Pickens,WR,DAL,BYE,4,20.0,0.2176,0.1956,22,-2.4,ROSTERED_MFL,YES
Romeo Doubs,WR,NEP,BYE,4,20.0,0.2176,0.1956,22,-2.4,ROSTERED_MFL,YES
Christian Watson,WR,GBP,BYE,4,20.0,0.2176,0.1956,22,-2.4,ROSTERED_MFL,YES
Trey McBride,TE,ARI,BYE,4,20.0,0.2176,0.1956,22,-2.4,ROSTERED_MFL,YES
Jake Ferguson,TE,DAL,BYE,4,20.0,0.2176,0.1956,22,-2.4,ROSTERED_MFL,YES
Jayden Reed,WR,GBP,BYE,4,20.0,0.2176,0.1956,22,-2.4,ROSTERED_MFL,YES
Jaxon Smith-Njigba,WR,SEA,BYE,4,20.0,0.2176,0.1956,22,-2.4,ROSTERED_MFL,YES
Jordan Addison,WR,MIN,BYE,4,20.0,0.2176,0.1956,22,-2.4,ROSTERED_MFL,YES
Quentin Johnston,WR,LAC,BYE,4,20.0,0.2176,0.1956,22,-2.4,ROSTERED_MFL,YES
Parker Washington,WR,JAC,BYE,4,20.0,0.2176,0.1956,22,-2.4,ROSTERED_MFL,YES
Rashee Rice,WR,KCC,BYE,4,20.0,0.2176,0.1956,22,-2.4,ROSTERED_MFL,YES
Michael Wilson,WR,ARI,BYE,4,20.0,0.2176,0.1956,22,-2.4,ROSTERED_MFL,YES
Puka Nacua,WR,LAR,BYE,4,20.0,0.2176,0.1956,22,-2.4,ROSTERED_MFL,YES
Darnell Washington,TE,PIT,BYE,4,20.0,0.2176,0.1956,22,-2.4,ROSTERED_MFL,YES
Tucker Kraft,TE,GBP,BYE,4,20.0,0.2176,0.1956,22,-2.4,ROSTERED_MFL,YES
Tre Tucker,WR,LVR,BYE,4,20.0,0.2176,0.1956,22,-2.4,ROSTERED_MFL,YES
Marvin Harrison Jr.,WR,ARI,BYE,4,20.0,0.2176,0.1956,22,-2.4,ROSTERED_MFL,YES
Brian Thomas Jr.,WR,JAC,BYE,4,20.0,0.2176,0.1956,22,-2.4,ROSTERED_MFL,YES
Xavier Worthy,WR,KCC,BYE,4,20.0,0.2176,0.1956,22,-2.4,ROSTERED_MFL,YES
Adonai Mitchell,WR,NYJ,BYE,4,20.0,0.2176,0.1956,22,-2.4,ROSTERED_MFL,YES
Ladd McConkey,WR,LAC,BYE,4,20.0,0.2176,0.1956,22,-2.4,ROSTERED_MFL,YES
Brock Bowers,TE,LVR,BYE,4,20.0,0.2176,0.1956,22,-2.4,ROSTERED_MFL,YES
Ryan Flournoy,WR,DAL,BYE,4,20.0,0.2176,0.1956,22,-2.4,ROSTERED_MFL,YES
Devaughn Vele,WR,NOS,BYE,4,20.0,0.2176,0.1956,22,-2.4,ROSTERED_MFL,YES
Jalen Coker,WR,CAR,BYE,4,20.0,0.2176,0.1956,22,-2.4,ROSTERED_MFL,YES
Tetairoa McMillan,WR,CAR,BYE,4,20.0,0.2176,0.1956,22,-2.4,ROSTERED_MFL,YES
Matthew Golden,WR,GBP,BYE,4,20.0,0.2176,0.1956,22,-2.4,ROSTERED_MFL,YES
Emeka Egbuka,WR,TBB,BYE,4,20.0,0.2176,0.1956,22,-2.4,ROSTERED_MFL,YES
Oronde Gadsden,TE,LAC,BYE,4,20.0,0.2176,0.1956,22,-2.4,ROSTERED_MFL,YES
Terrance Ferguson,TE,LAR,BYE,4,20.0,0.2176,0.1956,22,-2.4,ROSTERED_MFL,YES
Jordyn Tyson,WR,NOS,BYE,4,20.0,0.2176,0.1956,22,-2.4,ROSTERED_MFL,YES
Zachariah Branch,WR,ATL,BYE,4,20.0,0.2176,0.1956,22,-2.4,ROSTERED_MFL,YES
Antonio Williams,WR,WAS,BYE,4,20.0,0.2176,0.1956,22,-2.4,ROSTERED_MFL,YES
De'Zhaun Stribling,WR,SFO,BYE,4,20.0,0.2176,0.1956,22,-2.4,ROSTERED_MFL,YES
Bryce Lance,WR,NOS,BYE,4,20.0,0.2176,0.1956,22,-2.4,ROSTERED_MFL,YES
Kenyon Sadiq,TE,NYJ,BYE,4,20.0,0.2176,0.1956,22,-2.4,ROSTERED_MFL,YES
De'Von Achane,RB,MIA,MIN,4,14.5,0.2148,0.1933,22,-2.7,ROSTERED_MFL,YES
Denzel Boston,WR,CLE,PIT,4,18.0,0.2136,0.1923,22,-2.8,ROSTERED_MFL,YES
Jacob Saylors,RB,DET,CAR,4,27.0,0.201,0.1821,21,-2.8,PASS,NO
Ray Davis,RB,BUF,NE,4,27.5,0.2008,0.1819,21,-2.8,ROSTERED_MFL,YES
Alexander Mattison,RB,MIA,MIN,4,14.5,0.1933,0.1758,20,-2.4,ROSTERED_MFL,YES
Jerry Jeudy,WR,CLE,PIT,4,18.0,0.1709,0.1571,18,-2.3,ROSTERED_MFL,YES
Harold Fannin,TE,CLE,PIT,4,18.0,0.1709,0.1571,18,-2.3,ROSTERED_MFL,YES
KC Concepcion,WR,CLE,PIT,4,18.0,0.1709,0.1571,18,-2.3,ROSTERED_MFL,YES
Elic Ayomanor,WR,TEN,BAL,4,16.0,0.1536,0.1424,17,-2.8,ROSTERED_MFL,YES
Jared Goff,QB,DET,CAR,4,27.0,0.129,0.121,15,-2.9,ROSTERED_MFL,YES
Joshua Dobbs,QB,DET,CAR,4,27.0,0.129,0.121,15,-2.9,ROSTERED_MFL,YES
Josh Allen,QB,BUF,NE,4,27.5,0.1289,0.1209,15,-2.9,ROSTERED_MFL,YES
Kyle Allen,QB,BUF,NE,4,27.5,0.1289,0.1209,15,-2.9,ROSTERED_MFL,YES
Kayshon Boutte,WR,HOU,DAL,4,24.0,0.128,0.1201,15,-3.0,ROSTERED_MFL,YES
Joe Flacco,QB,CIN,JAX,4,27.0,0.124,0.1166,14,-2.3,ROSTERED_MFL,YES
Joe Burrow,QB,CIN,JAX,4,27.0,0.124,0.1166,14,-2.3,ROSTERED_MFL,YES
Andy Dalton,QB,PHI,LAR,4,26.5,0.1187,0.1119,14,-2.8,ROSTERED_MFL,YES
Jalen Hurts,QB,PHI,LAR,4,26.5,0.1187,0.1119,14,-2.8,ROSTERED_MFL,YES
Lamar Jackson,QB,BAL,TEN,4,27.5,0.1182,0.1115,14,-2.9,ROSTERED_MFL,YES
Tyler Huntley,QB,BAL,TEN,4,27.5,0.1182,0.1115,14,-2.9,ROSTERED_MFL,YES
Davis Mills,QB,HOU,DAL,4,24.0,0.1097,0.1039,13,-2.6,ROSTERED_MFL,YES
C.J. Stroud,QB,HOU,DAL,4,24.0,0.1097,0.1039,13,-2.6,ROSTERED_MFL,YES
Kendall Milton,RB,CIN,JAX,4,27.0,0.1054,0.1,13,-3.0,PASS,NO
Tahj Brooks,RB,CIN,JAX,4,27.0,0.1054,0.1,13,-3.0,PASS,NO
Case Keenum,QB,CHI,NYJ,4,23.0,0.1017,0.0967,12,-2.3,ROSTERED_MFL,YES
Caleb Williams,QB,CHI,NYJ,4,23.0,0.1017,0.0967,12,-2.3,ROSTERED_MFL,YES
DJ Giddens,RB,IND,WAS,4,25.5,0.1011,0.0962,12,-2.4,PASS,NO
Ulysses Bentley,RB,IND,WAS,4,25.5,0.1011,0.0962,12,-2.4,PASS,NO
Seth McGowan,RB,IND,WAS,4,25.5,0.1011,0.0962,12,-2.4,PASS,NO
Davon Booth,RB,IND,WAS,4,25.5,0.1011,0.0962,12,-2.4,PASS,NO
Dameon Pierce,RB,PHI,LAR,4,26.5,0.1009,0.096,12,-2.4,PASS,NO
Will Shipley,RB,PHI,LAR,4,26.5,0.1009,0.096,12,-2.4,PASS,NO
Carson Steele,RB,PHI,LAR,4,26.5,0.1009,0.096,12,-2.4,PASS,NO
Jarrett Stidham,QB,DEN,SF,4,22.5,0.1008,0.0959,12,-2.4,ROSTERED_MFL,YES
Bo Nix,QB,DEN,SF,4,22.5,0.1008,0.0959,12,-2.4,ROSTERED_MFL,YES
Rasheen Ali,RB,BAL,TEN,4,27.5,0.1004,0.0955,12,-2.4,PASS,NO
Adam Randall,RB,BAL,TEN,4,27.5,0.1004,0.0955,12,-2.4,PASS,NO
Jameis Winston,QB,NYG,ARI,4,21.0,0.0965,0.092,12,-2.8,ROSTERED_MFL,YES
Jaxson Dart,QB,NYG,ARI,4,21.0,0.0965,0.092,12,-2.8,ROSTERED_MFL,YES
Aaron Rodgers,QB,PIT,BYE,4,20.0,0.0933,0.0891,11,-2.1,ROSTERED_MFL,YES
Matthew Stafford,QB,LAR,BYE,4,20.0,0.0933,0.0891,11,-2.1,ROSTERED_MFL,YES
Tyrod Taylor,QB,GBP,BYE,4,20.0,0.0933,0.0891,11,-2.1,ROSTERED_MFL,YES
Kirk Cousins,QB,LVR,BYE,4,20.0,0.0933,0.0891,11,-2.1,ROSTERED_MFL,YES
Geno Smith,QB,NYJ,BYE,4,20.0,0.0933,0.0891,11,-2.1,ROSTERED_MFL,YES
Marcus Mariota,QB,WAS,BYE,4,20.0,0.0933,0.0891,11,-2.1,ROSTERED_MFL,YES
Carson Wentz,QB,MIN,BYE,4,20.0,0.0933,0.0891,11,-2.1,ROSTERED_MFL,YES
Jacoby Brissett,QB,ARI,BYE,4,20.0,0.0933,0.0891,11,-2.1,ROSTERED_MFL,YES
Dak Prescott,QB,DAL,BYE,4,20.0,0.0933,0.0891,11,-2.1,ROSTERED_MFL,YES
Patrick Mahomes,QB,KCC,BYE,4,20.0,0.0933,0.0891,11,-2.1,ROSTERED_MFL,YES
Baker Mayfield,QB,TBB,BYE,4,20.0,0.0933,0.0891,11,-2.1,ROSTERED_MFL,YES
Sam Darnold,QB,SEA,BYE,4,20.0,0.0933,0.0891,11,-2.1,ROSTERED_MFL,YES
Mason Rudolph,QB,PIT,BYE,4,20.0,0.0933,0.0891,11,-2.1,ROSTERED_MFL,YES
Kyler Murray,QB,MIN,BYE,4,20.0,0.0933,0.0891,11,-2.1,ROSTERED_MFL,YES
Drew Lock,QB,SEA,BYE,4,20.0,0.0933,0.0891,11,-2.1,ROSTERED_MFL,YES
Gardner Minshew,QB,ARI,BYE,4,20.0,0.0933,0.0891,11,-2.1,ROSTERED_MFL,YES
Jakob Johnson,RB,HOU,DAL,4,24.0,0.0933,0.0891,11,-2.1,PASS,NO
Justin Herbert,QB,LAC,BYE,4,20.0,0.0933,0.0891,11,-2.1,ROSTERED_MFL,YES
Jordan Love,QB,GBP,BYE,4,20.0,0.0933,0.0891,11,-2.1,ROSTERED_MFL,YES
Trevor Lawrence,QB,JAC,BYE,4,20.0,0.0933,0.0891,11,-2.1,ROSTERED_MFL,YES
Justin Fields,QB,KCC,BYE,4,20.0,0.0933,0.0891,11,-2.1,ROSTERED_MFL,YES
Trey Lance,QB,LAC,BYE,4,20.0,0.0933,0.0891,11,-2.1,ROSTERED_MFL,YES
Mac Jones,QB,SFO,BYE,4,20.0,0.0933,0.0891,11,-2.1,ROSTERED_MFL,YES
Kenny Pickett,QB,CAR,BYE,4,20.0,0.0933,0.0891,11,-2.1,ROSTERED_MFL,YES
Sam Howell,QB,DAL,BYE,4,20.0,0.0933,0.0891,11,-2.1,ROSTERED_MFL,YES
Brock Purdy,QB,SFO,BYE,4,20.0,0.0933,0.0891,11,-2.1,ROSTERED_MFL,YES
Bryce Young,QB,CAR,BYE,4,20.0,0.0933,0.0891,11,-2.1,ROSTERED_MFL,YES
Tommy DeVito,QB,NEP,BYE,4,20.0,0.0933,0.0891,11,-2.1,ROSTERED_MFL,YES
Drake Maye,QB,NEP,BYE,4,20.0,0.0933,0.0891,11,-2.1,ROSTERED_MFL,YES
Jayden Daniels,QB,WAS,BYE,4,20.0,0.0933,0.0891,11,-2.1,ROSTERED_MFL,YES
Spencer Rattler,QB,NOS,BYE,4,20.0,0.0933,0.0891,11,-2.1,ROSTERED_MFL,YES
Jawhar Jordan,RB,HOU,DAL,4,24.0,0.0933,0.0891,11,-2.1,PASS,NO
British Brooks,RB,HOU,DAL,4,24.0,0.0933,0.0891,11,-2.1,PASS,NO
Quinn Ewers,QB,JAC,BYE,4,20.0,0.0933,0.0891,11,-2.1,ROSTERED_MFL,YES
Tyler Shough,QB,NOS,BYE,4,20.0,0.0933,0.0891,11,-2.1,ROSTERED_MFL,YES
Fernando Mendoza,QB,LVR,BYE,4,20.0,0.0933,0.0891,11,-2.1,ROSTERED_MFL,YES
Ty Simpson,QB,LAR,BYE,4,20.0,0.0933,0.0891,11,-2.1,ROSTERED_MFL,YES
Cade Klubnik,QB,NYJ,BYE,4,20.0,0.0933,0.0891,11,-2.1,ROSTERED_MFL,YES
Jalon Daniels,QB,TBB,BYE,4,20.0,0.0933,0.0891,11,-2.1,ROSTERED_MFL,YES
Noah Whittington,RB,HOU,DAL,4,24.0,0.0933,0.0891,11,-2.1,PASS,NO
Ty Johnson,RB,BUF,NE,4,27.5,0.0913,0.0873,11,-2.3,PASS,NO
Sione Vaki,RB,DET,CAR,4,27.0,0.0914,0.0873,11,-2.3,PASS,NO
Tyler Conklin,TE,DET,CAR,4,27.0,0.0903,0.0863,11,-2.4,PASS,NO
Trent Sherfield,WR,BUF,NE,4,27.5,0.0902,0.0863,11,-2.4,PASS,NO
Greg Dortch,WR,BUF,NE,4,27.5,0.0902,0.0863,11,-2.4,PASS,NO
Dawson Knox,TE,BUF,NE,4,27.5,0.0902,0.0863,11,-2.4,PASS,NO
Tom Kennedy,WR,DET,CAR,4,27.0,0.0903,0.0863,11,-2.4,PASS,NO
Gabriel Davis,WR,BUF,NE,4,27.5,0.0902,0.0863,11,-2.4,PASS,NO
Joshua Palmer,WR,BUF,NE,4,27.5,0.0902,0.0863,11,-2.4,PASS,NO
Brock Wright,TE,DET,CAR,4,27.0,0.0903,0.0863,11,-2.4,PASS,NO
Tay Martin,WR,DET,CAR,4,27.0,0.0903,0.0863,11,-2.4,PASS,NO
Tyrell Shavers,WR,BUF,NE,4,27.5,0.0902,0.0863,11,-2.4,PASS,NO
Isaac TeSlaa,WR,DET,CAR,4,27.0,0.0903,0.0863,11,-2.4,PASS,NO
Jackson Hawes,TE,BUF,NE,4,27.5,0.0902,0.0863,11,-2.4,PASS,NO
Dominic Lovett,WR,DET,CAR,4,27.0,0.0903,0.0863,11,-2.4,PASS,NO
Jackson Meeks,WR,DET,CAR,4,27.0,0.0903,0.0863,11,-2.4,PASS,NO
Keleki Latu,TE,BUF,NE,4,27.5,0.0902,0.0863,11,-2.4,PASS,NO
Skyler Bell,WR,BUF,NE,4,27.5,0.0902,0.0863,11,-2.4,PASS,NO
Kendrick Law,WR,DET,CAR,4,27.0,0.0903,0.0863,11,-2.4,PASS,NO
Ja'Mori Maclin,WR,BUF,NE,4,27.5,0.0902,0.0863,11,-2.4,PASS,NO
Mike Gesicki,TE,CIN,JAX,4,27.0,0.0868,0.0831,11,-2.7,PASS,NO
Drew Sample,TE,CIN,JAX,4,27.0,0.0868,0.0831,11,-2.7,PASS,NO
Tanner Hudson,TE,CIN,JAX,4,27.0,0.0868,0.0831,11,-2.7,PASS,NO
Andrei Iosivas,WR,CIN,JAX,4,27.0,0.0868,0.0831,11,-2.7,PASS,NO
Mitchell Tinsley,WR,CIN,JAX,4,27.0,0.0868,0.0831,11,-2.7,PASS,NO
Erick All,TE,CIN,JAX,4,27.0,0.0868,0.0831,11,-2.7,PASS,NO
Jordan Moore,WR,CIN,JAX,4,27.0,0.0868,0.0831,11,-2.7,PASS,NO
Noah Thomas,WR,CIN,JAX,4,27.0,0.0868,0.0831,11,-2.7,PASS,NO
Colbie Young,WR,CIN,JAX,4,27.0,0.0868,0.0831,11,-2.7,PASS,NO
Jack Endries,TE,CIN,JAX,4,27.0,0.0868,0.0831,11,-2.7,PASS,NO
Dohnte Meyers,WR,CIN,JAX,4,27.0,0.0868,0.0831,11,-2.7,PASS,NO
Salvon Ahmed,RB,CHI,NYJ,4,23.0,0.0865,0.0829,11,-2.7,PASS,NO
Brittain Brown,RB,CHI,NYJ,4,23.0,0.0865,0.0829,11,-2.7,PASS,NO
Roschon Johnson,RB,CHI,NYJ,4,23.0,0.0865,0.0829,11,-2.7,PASS,NO
Zavier Scott,RB,CHI,NYJ,4,23.0,0.0865,0.0829,11,-2.7,PASS,NO
Adam Prentice,RB,DEN,SF,4,22.5,0.0857,0.0821,11,-2.8,PASS,NO
Tyler Badie,RB,DEN,SF,4,22.5,0.0857,0.0821,11,-2.8,PASS,NO
Cody Schrader,RB,DEN,SF,4,22.5,0.0857,0.0821,11,-2.8,PASS,NO
Keenan Allen,WR,IND,WAS,4,25.5,0.0832,0.0798,10,-2.0,PASS,NO
Laquon Treadwell,WR,IND,WAS,4,25.5,0.0832,0.0798,10,-2.0,PASS,NO
Mo Alie-Cox,TE,IND,WAS,4,25.5,0.0832,0.0798,10,-2.0,PASS,NO
Pharaoh Brown,TE,IND,WAS,4,25.5,0.0832,0.0798,10,-2.0,PASS,NO
Ashton Dulin,WR,IND,WAS,4,25.5,0.0832,0.0798,10,-2.0,PASS,NO
D.J. Montgomery,WR,IND,WAS,4,25.5,0.0832,0.0798,10,-2.0,PASS,NO
Nick Westbrook-Ikhine,WR,IND,WAS,4,25.5,0.0832,0.0798,10,-2.0,PASS,NO
Drew Ogletree,TE,IND,WAS,4,25.5,0.0832,0.0798,10,-2.0,PASS,NO
Will Mallory,TE,IND,WAS,4,25.5,0.0832,0.0798,10,-2.0,PASS,NO
Anthony Gould,WR,IND,WAS,4,25.5,0.0832,0.0798,10,-2.0,PASS,NO
Eli Pancol,WR,IND,WAS,4,25.5,0.0832,0.0798,10,-2.0,PASS,NO
Deion Burks,WR,IND,WAS,4,25.5,0.0832,0.0798,10,-2.0,PASS,NO
Zach Ertz,TE,PHI,LAR,4,26.5,0.0831,0.0797,10,-2.0,PASS,NO
Johnny Mundt,TE,PHI,LAR,4,26.5,0.0831,0.0797,10,-2.0,PASS,NO
Marquise Brown,WR,PHI,LAR,4,26.5,0.0831,0.0797,10,-2.0,PASS,NO
Josiah Deguara,TE,PHI,LAR,4,26.5,0.0831,0.0797,10,-2.0,PASS,NO
Elijah Moore,WR,PHI,LAR,4,26.5,0.0831,0.0797,10,-2.0,PASS,NO
Britain Covey,WR,PHI,LAR,4,26.5,0.0831,0.0797,10,-2.0,PASS,NO
Danny Gray,WR,PHI,LAR,4,26.5,0.0831,0.0797,10,-2.0,PASS,NO
Grant Calcaterra,TE,PHI,LAR,4,26.5,0.0831,0.0797,10,-2.0,PASS,NO
Xavier Gipson,WR,PHI,LAR,4,26.5,0.0831,0.0797,10,-2.0,PASS,NO
Johnny Wilson,WR,PHI,LAR,4,26.5,0.0831,0.0797,10,-2.0,PASS,NO
E.J. Jenkins,TE,PHI,LAR,4,26.5,0.0831,0.0797,10,-2.0,PASS,NO
Darius Cooper,WR,PHI,LAR,4,26.5,0.0831,0.0797,10,-2.0,PASS,NO
Makai Lemon,WR,PHI,LAR,4,26.5,0.0831,0.0797,10,-2.0,PASS,NO
Eli Stowers,TE,PHI,LAR,4,26.5,0.0831,0.0797,10,-2.0,PASS,NO
Nick Vannett,TE,BAL,TEN,4,27.5,0.0827,0.0794,10,-2.1,PASS,NO
Chris Moore,WR,BAL,TEN,4,27.5,0.0827,0.0794,10,-2.1,PASS,NO
Durham Smythe,TE,BAL,TEN,4,27.5,0.0827,0.0794,10,-2.1,PASS,NO
Shedrick Jackson,WR,BAL,TEN,4,27.5,0.0827,0.0794,10,-2.1,PASS,NO
Devontez Walker,WR,BAL,TEN,4,27.5,0.0827,0.0794,10,-2.1,PASS,NO
LaJohntay Wester,WR,BAL,TEN,4,27.5,0.0827,0.0794,10,-2.1,PASS,NO
Gage Larvadain,WR,BAL,TEN,4,27.5,0.0827,0.0794,10,-2.1,PASS,NO
Elijah Sarratt,WR,BAL,TEN,4,27.5,0.0827,0.0794,10,-2.1,PASS,NO
Ja'Kobi Lane,WR,BAL,TEN,4,27.5,0.0827,0.0794,10,-2.1,PASS,NO
Matthew Hibner,TE,BAL,TEN,4,27.5,0.0827,0.0794,10,-2.1,PASS,NO
Josh Cuevas,TE,BAL,TEN,4,27.5,0.0827,0.0794,10,-2.1,PASS,NO
Patrick Ricard,RB,NYG,ARI,4,21.0,0.082,0.0787,10,-2.1,PASS,NO
Phil Mafah,RB,NYG,ARI,4,21.0,0.082,0.0787,10,-2.1,PASS,NO
Cordarrelle Patterson,RB,FA,BYE,4,20.0,0.0793,0.0762,10,-2.4,PASS,NO
Ameer Abdullah,RB,JAC,BYE,4,20.0,0.0793,0.0762,10,-2.4,PASS,NO
Raheem Mostert,RB,FA,BYE,4,20.0,0.0793,0.0762,10,-2.4,PASS,NO
Ezekiel Elliott,RB,FA,BYE,4,20.0,0.0793,0.0762,10,-2.4,PASS,NO
C.J. Ham,RB,FA,BYE,4,20.0,0.0793,0.0762,10,-2.4,PASS,NO
Dalvin Cook,RB,FA,BYE,4,20.0,0.0793,0.0762,10,-2.4,PASS,NO
Joe Mixon,RB,FA,BYE,4,20.0,0.0793,0.0762,10,-2.4,PASS,NO
D'Onta Foreman,RB,FA,BYE,4,20.0,0.0793,0.0762,10,-2.4,PASS,NO
Kareem Hunt,RB,FA,BYE,4,20.0,0.0793,0.0762,10,-2.4,PASS,NO
Jamaal Williams,RB,FA,BYE,4,20.0,0.0793,0.0762,10,-2.4,PASS,NO
Jeremy McNichols,RB,WAS,BYE,4,20.0,0.0793,0.0762,10,-2.4,PASS,NO
James Conner,RB,ARI,BYE,4,20.0,0.0793,0.0762,10,-2.4,PASS,NO
Dare Ogunbowale,RB,LVR,BYE,4,20.0,0.0793,0.0762,10,-2.4,PASS,NO
Austin Ekeler,RB,WAS,BYE,4,20.0,0.0793,0.0762,10,-2.4,PASS,NO
Nick Chubb,RB,FA,BYE,4,20.0,0.0793,0.0762,10,-2.4,PASS,NO
Nyheim Hines,RB,NOS,BYE,4,20.0,0.0793,0.0762,10,-2.4,PASS,NO
Chase Edmonds,RB,WAS,BYE,4,20.0,0.0793,0.0762,10,-2.4,PASS,NO
Gus Edwards,RB,FA,BYE,4,20.0,0.0793,0.0762,10,-2.4,PASS,NO
Trayveon Williams,RB,FA,BYE,4,20.0,0.0793,0.0762,10,-2.4,PASS,NO
Miles Sanders,RB,FA,BYE,4,20.0,0.0793,0.0762,10,-2.4,PASS,NO
Myles Gaskin,RB,FA,BYE,4,20.0,0.0793,0.0762,10,-2.4,PASS,NO
Travis Homer,RB,PIT,BYE,4,20.0,0.0793,0.0762,10,-2.4,PASS,NO
Andrew Beck,RB,NYJ,BYE,4,20.0,0.0793,0.0762,10,-2.4,PASS,NO
D'Ernest Johnson,RB,FA,BYE,4,20.0,0.0793,0.0762,10,-2.4,PASS,NO
Alec Ingold,RB,LAC,BYE,4,20.0,0.0793,0.0762,10,-2.4,PASS,NO
Craig Reynolds,RB,WAS,BYE,4,20.0,0.0793,0.0762,10,-2.4,PASS,NO
Zack Moss,RB,FA,BYE,4,20.0,0.0793,0.0762,10,-2.4,PASS,NO
Cam Akers,RB,FA,BYE,4,20.0,0.0793,0.0762,10,-2.4,PASS,NO
Clyde Edwards-Helaire,RB,KCC,BYE,4,20.0,0.0793,0.0762,10,-2.4,PASS,NO
DeeJay Dallas,RB,MIN,BYE,4,20.0,0.0793,0.0762,10,-2.4,PASS,NO
Patrick Taylor,RB,FA,BYE,4,20.0,0.0793,0.0762,10,-2.4,PASS,NO
Antonio Gibson,RB,FA,BYE,4,20.0,0.0793,0.0762,10,-2.4,PASS,NO
Reggie Gilliam,RB,NEP,BYE,4,20.0,0.0793,0.0762,10,-2.4,PASS,NO
Trey Sermon,RB,ATL,BYE,4,20.0,0.0793,0.0762,10,-2.4,PASS,NO
Jaret Patterson,RB,MIN,BYE,4,20.0,0.0793,0.0762,10,-2.4,PASS,NO
Jermar Jefferson,RB,FA,BYE,4,20.0,0.0793,0.0762,10,-2.4,PASS,NO
Elijah Mitchell,RB,FA,BYE,4,20.0,0.0793,0.0762,10,-2.4,PASS,NO
Khalil Herbert,RB,ATL,BYE,4,20.0,0.0793,0.0762,10,-2.4,PASS,NO
Kene Nwangwu,RB,NYJ,BYE,4,20.0,0.0793,0.0762,10,-2.4,PASS,NO
Avery Williams,RB,NYJ,BYE,4,20.0,0.0793,0.0762,10,-2.4,PASS,NO
Gary Brightwell,RB,FA,BYE,4,20.0,0.0793,0.0762,10,-2.4,PASS,NO
Jerome Ford,RB,MIN,BYE,4,20.0,0.0793,0.0762,10,-2.4,PASS,NO
Zamir White,RB,NOS,BYE,4,20.0,0.0793,0.0762,10,-2.4,PASS,NO
Hassan Haskins,RB,NEP,BYE,4,20.0,0.0793,0.0762,10,-2.4,PASS,NO
Ty Chandler,RB,NOS,BYE,4,20.0,0.0793,0.0762,10,-2.4,PASS,NO
Ronnie Rivers,RB,LAR,BYE,4,20.0,0.0793,0.0762,10,-2.4,PASS,NO
Bam Knight,RB,ARI,BYE,4,20.0,0.0793,0.0762,10,-2.4,PASS,NO
Tyler Goodson,RB,DAL,BYE,4,20.0,0.0793,0.0762,10,-2.4,PASS,NO
Pierre Strong Jr.,RB,GBP,BYE,4,20.0,0.0793,0.0762,10,-2.4,PASS,NO
Keaontay Ingram,RB,KCC,BYE,4,20.0,0.0793,0.0762,10,-2.4,PASS,NO
Malik Davis,RB,DAL,BYE,4,20.0,0.0793,0.0762,10,-2.4,PASS,NO
Sincere McCormick,RB,SFO,BYE,4,20.0,0.0793,0.0762,10,-2.4,PASS,NO
Jordan Mason,RB,MIN,BYE,4,20.0,0.0793,0.0762,10,-2.4,PASS,NO
Raheem Blackshear,RB,FA,BYE,4,20.0,0.0793,0.0762,10,-2.4,PASS,NO
Israel Abanikanda,RB,DAL,BYE,4,20.0,0.0793,0.0762,10,-2.4,PASS,NO
Kenny McIntosh,RB,FA,BYE,4,20.0,0.0793,0.0762,10,-2.4,PASS,NO
Kendre Miller,RB,NOS,BYE,4,20.0,0.0793,0.0762,10,-2.4,PASS,NO
Deuce Vaughn,RB,FA,BYE,4,20.0,0.0793,0.0762,10,-2.4,PASS,NO
Evan Hull,RB,ARI,BYE,4,20.0,0.0793,0.0762,10,-2.4,PASS,NO
Scott Matlock,RB,LAC,BYE,4,20.0,0.0793,0.0762,10,-2.4,PASS,NO
Lew Nichols,RB,PIT,BYE,4,20.0,0.0793,0.0762,10,-2.4,PASS,NO
Deneric Prince,RB,NEP,BYE,4,20.0,0.0793,0.0762,10,-2.4,PASS,NO
Emari Demercado,RB,DAL,BYE,4,20.0,0.0793,0.0762,10,-2.4,PASS,NO
Chris Brooks,RB,GBP,BYE,4,20.0,0.0793,0.0762,10,-2.4,PASS,NO
Hunter Luepke,RB,DAL,BYE,4,20.0,0.0793,0.0762,10,-2.4,PASS,NO
Jordan Mims,RB,FA,BYE,4,20.0,0.0793,0.0762,10,-2.4,PASS,NO
Brady Russell,RB,SEA,BYE,4,20.0,0.0793,0.0762,10,-2.4,PASS,NO
Owen Wright,RB,FA,BYE,4,20.0,0.0793,0.0762,10,-2.4,PASS,NO
Trey Benson,RB,ARI,BYE,4,20.0,0.0793,0.0762,10,-2.4,PASS,NO
Audric Estime,RB,FA,BYE,4,20.0,0.0793,0.0762,10,-2.4,PASS,NO
Jase McClellan,RB,FA,BYE,4,20.0,0.0793,0.0762,10,-2.4,PASS,NO
Dylan Laube,RB,LVR,BYE,4,20.0,0.0793,0.0762,10,-2.4,PASS,NO
Dante Miller,RB,FA,BYE,4,20.0,0.0793,0.0762,10,-2.4,PASS,NO
Isaac Guerendo,RB,SFO,BYE,4,20.0,0.0793,0.0762,10,-2.4,PASS,NO
Keilan Robinson,RB,FA,BYE,4,20.0,0.0793,0.0762,10,-2.4,PASS,NO
Isaiah Davis,RB,NYJ,BYE,4,20.0,0.0793,0.0762,10,-2.4,PASS,NO
Kimani Vidal,RB,LAC,BYE,4,20.0,0.0793,0.0762,10,-2.4,PASS,NO
Blake Watson,RB,FA,BYE,4,20.0,0.0793,0.0762,10,-2.4,PASS,NO
Chris Collier,RB,LVR,BYE,4,20.0,0.0793,0.0762,10,-2.4,PASS,NO
Michael Wiley,RB,FA,BYE,4,20.0,0.0793,0.0762,10,-2.4,PASS,NO
Ian Wheeler,RB,FA,BYE,4,20.0,0.0793,0.0762,10,-2.4,PASS,NO
Terrell Jennings,RB,FA,BYE,4,20.0,0.0793,0.0762,10,-2.4,PASS,NO
Devin Neal,RB,FA,BYE,4,20.0,0.0793,0.0762,10,-2.4,PASS,NO
Kaleb Johnson,RB,GBP,BYE,4,20.0,0.0793,0.0762,10,-2.4,PASS,NO
Brashard Smith,RB,KCC,BYE,4,20.0,0.0793,0.0762,10,-2.4,PASS,NO
Damien Martinez,RB,FA,BYE,4,20.0,0.0793,0.0762,10,-2.4,PASS,NO
Trevor Etienne,RB,CAR,BYE,4,20.0,0.0793,0.0762,10,-2.4,PASS,NO
Donovan Edwards,RB,FA,BYE,4,20.0,0.0793,0.0762,10,-2.4,PASS,NO
LeQuint Allen,RB,JAC,BYE,4,20.0,0.0793,0.0762,10,-2.4,PASS,NO
Robbie Ouzts,RB,SEA,BYE,4,20.0,0.0793,0.0762,10,-2.4,PASS,NO
Montrell Johnson,RB,FA,BYE,4,20.0,0.0793,0.0762,10,-2.4,PASS,NO
Lan Larison,RB,NEP,BYE,4,20.0,0.0793,0.0762,10,-2.4,PASS,NO
Amar Johnson,RB,LAC,BYE,4,20.0,0.0793,0.0762,10,-2.4,PASS,NO
Corey Kiner,RB,NEP,BYE,4,20.0,0.0793,0.0762,10,-2.4,PASS,NO
Ja'Quinden Jackson,RB,FA,BYE,4,20.0,0.0793,0.0762,10,-2.4,PASS,NO
Ahmani Marshall,RB,CAR,BYE,4,20.0,0.0793,0.0762,10,-2.4,PASS,NO
Nathan Carter,RB,ATL,BYE,4,20.0,0.0793,0.0762,10,-2.4,PASS,NO
Josh Williams,RB,TBB,BYE,4,20.0,0.0793,0.0762,10,-2.4,PASS,NO
Jacardia Wright,RB,SEA,BYE,4,20.0,0.0793,0.0762,10,-2.4,PASS,NO
Kaytron Allen,RB,WAS,BYE,4,20.0,0.0793,0.0762,10,-2.4,PASS,NO
Jaydn Ott,RB,KCC,BYE,4,20.0,0.0793,0.0762,10,-2.4,PASS,NO
Demond Claiborne,RB,MIN,BYE,4,20.0,0.0793,0.0762,10,-2.4,PASS,NO
Roman Hemby,RB,LVR,BYE,4,20.0,0.0793,0.0762,10,-2.4,PASS,NO
Desmond Reid,RB,FA,BYE,4,20.0,0.0793,0.0762,10,-2.4,PASS,NO
Jam Miller,RB,FA,BYE,4,20.0,0.0793,0.0762,10,-2.4,PASS,NO
J'Mari Taylor,RB,JAC,BYE,4,20.0,0.0793,0.0762,10,-2.4,PASS,NO
Terion Stewart,RB,FA,BYE,4,20.0,0.0793,0.0762,10,-2.4,PASS,NO
Chip Trayanum,RB,NYJ,BYE,4,20.0,0.0793,0.0762,10,-2.4,PASS,NO
Dean Connors,RB,LAR,BYE,4,20.0,0.0793,0.0762,10,-2.4,PASS,NO
CJ Donaldson,RB,NOS,BYE,4,20.0,0.0793,0.0762,10,-2.4,PASS,NO
Cash Jones,RB,ATL,BYE,4,20.0,0.0793,0.0762,10,-2.4,PASS,NO
Roydell Williams,RB,FA,BYE,4,20.0,0.0793,0.0762,10,-2.4,PASS,NO
Mel Brown,RB,FA,BYE,4,20.0,0.0793,0.0762,10,-2.4,PASS,NO
Eli Heidenreich,RB,PIT,BYE,4,20.0,0.0793,0.0762,10,-2.4,PASS,NO
Kejon Owens,RB,FA,BYE,4,20.0,0.0793,0.0762,10,-2.4,PASS,NO
Robert Henry,RB,WAS,BYE,4,20.0,0.0793,0.0762,10,-2.4,PASS,NO
TJ Harden,RB,FA,BYE,4,20.0,0.0793,0.0762,10,-2.4,PASS,NO
Myles Montgomery,RB,NEP,BYE,4,20.0,0.0793,0.0762,10,-2.4,PASS,NO
Jamal Haynes,RB,FA,BYE,4,20.0,0.0793,0.0762,10,-2.4,PASS,NO
EJ Smith,RB,FA,BYE,4,20.0,0.0793,0.0762,10,-2.4,PASS,NO
Dominic Richardson,RB,FA,BYE,4,20.0,0.0793,0.0762,10,-2.4,PASS,NO
Coleman Bennett,RB,FA,BYE,4,20.0,0.0793,0.0762,10,-2.4,PASS,NO
Kye Robichaux,RB,FA,BYE,4,20.0,0.0793,0.0762,10,-2.4,PASS,NO
Jaden Nixon,RB,FA,BYE,4,20.0,0.0793,0.0762,10,-2.4,PASS,NO
Damon Bankston,RB,GBP,BYE,4,20.0,0.0793,0.0762,10,-2.4,PASS,NO
Anthony Tyus,RB,CAR,BYE,4,20.0,0.0793,0.0762,10,-2.4,PASS,NO
Foster Moreau,TE,HOU,DAL,4,24.0,0.0768,0.0739,10,-2.6,PASS,NO
Brevin Jordan,TE,HOU,DAL,4,24.0,0.0768,0.0739,10,-2.6,PASS,NO
Xavier Hutchinson,WR,HOU,DAL,4,24.0,0.0768,0.0739,10,-2.6,PASS,NO
Tank Dell,WR,HOU,DAL,4,24.0,0.0768,0.0739,10,-2.6,PASS,NO
Cade Stover,TE,HOU,DAL,4,24.0,0.0768,0.0739,10,-2.6,PASS,NO
Bryce Oliver,WR,HOU,DAL,4,24.0,0.0768,0.0739,10,-2.6,PASS,NO
Jared Wayne,WR,HOU,DAL,4,24.0,0.0768,0.0739,10,-2.6,PASS,NO
Jaylin Noel,WR,HOU,DAL,4,24.0,0.0768,0.0739,10,-2.6,PASS,NO
Jayden Higgins,WR,HOU,DAL,4,24.0,0.0768,0.0739,10,-2.6,PASS,NO
Zaire Mitchell-Paden,TE,HOU,DAL,4,24.0,0.0768,0.0739,10,-2.6,PASS,NO
Lewis Bond,WR,HOU,DAL,4,24.0,0.0768,0.0739,10,-2.6,PASS,NO
Marlin Klein,TE,HOU,DAL,4,24.0,0.0768,0.0739,10,-2.6,PASS,NO
Kalif Raymond,WR,CHI,NYJ,4,23.0,0.0712,0.0687,9,-2.1,PASS,NO
Cole Kmet,TE,CHI,NYJ,4,23.0,0.0712,0.0687,9,-2.1,PASS,NO
Nikola Kalinic,TE,CHI,NYJ,4,23.0,0.0712,0.0687,9,-2.1,PASS,NO
Kaden Davis,WR,CHI,NYJ,4,23.0,0.0712,0.0687,9,-2.1,PASS,NO
JP Richardson,WR,CHI,NYJ,4,23.0,0.0712,0.0687,9,-2.1,PASS,NO
Jahdae Walker,WR,CHI,NYJ,4,23.0,0.0712,0.0687,9,-2.1,PASS,NO
Zavion Thomas,WR,CHI,NYJ,4,23.0,0.0712,0.0687,9,-2.1,PASS,NO
Squirrel White,WR,CHI,NYJ,4,23.0,0.0712,0.0687,9,-2.1,PASS,NO
Sam Roush,TE,CHI,NYJ,4,23.0,0.0712,0.0687,9,-2.1,PASS,NO
Marcedes Lewis,TE,DEN,SF,4,22.5,0.0706,0.0682,9,-2.2,PASS,NO
Evan Engram,TE,DEN,SF,4,22.5,0.0706,0.0682,9,-2.2,PASS,NO
Lil'Jordan Humphrey,WR,DEN,SF,4,22.5,0.0706,0.0682,9,-2.2,PASS,NO
Adam Trautman,TE,DEN,SF,4,22.5,0.0706,0.0682,9,-2.2,PASS,NO
Michael Bandy,WR,DEN,SF,4,22.5,0.0706,0.0682,9,-2.2,PASS,NO
Lucas Krull,TE,DEN,SF,4,22.5,0.0706,0.0682,9,-2.2,PASS,NO
Marvin Mims,WR,DEN,SF,4,22.5,0.0706,0.0682,9,-2.2,PASS,NO
Nate Adkins,TE,DEN,SF,4,22.5,0.0706,0.0682,9,-2.2,PASS,NO
Troy Franklin,WR,DEN,SF,4,22.5,0.0706,0.0682,9,-2.2,PASS,NO
Caleb Lohner,TE,DEN,SF,4,22.5,0.0706,0.0682,9,-2.2,PASS,NO
Dane Key,WR,DEN,SF,4,22.5,0.0706,0.0682,9,-2.2,PASS,NO
Dallen Bentley,TE,DEN,SF,4,22.5,0.0706,0.0682,9,-2.2,PASS,NO
Kolbe Katsis,WR,DEN,SF,4,22.5,0.0706,0.0682,9,-2.2,PASS,NO
Chris Manhertz,TE,NYG,ARI,4,21.0,0.0675,0.0653,9,-2.5,PASS,NO
Braxton Berrios,WR,NYG,ARI,4,21.0,0.0675,0.0653,9,-2.5,PASS,NO
Gunner Olszewski,WR,NYG,ARI,4,21.0,0.0675,0.0653,9,-2.5,PASS,NO
Darnell Mooney,WR,NYG,ARI,4,21.0,0.0675,0.0653,9,-2.5,PASS,NO
Calvin Austin III,WR,NYG,ARI,4,21.0,0.0675,0.0653,9,-2.5,PASS,NO
Jalin Hyatt,WR,NYG,ARI,4,21.0,0.0675,0.0653,9,-2.5,PASS,NO
Bryce Ford-Wheaton,WR,NYG,ARI,4,21.0,0.0675,0.0653,9,-2.5,PASS,NO
Theo Johnson,TE,NYG,ARI,4,21.0,0.0675,0.0653,9,-2.5,PASS,NO
Thomas Fidone,TE,NYG,ARI,4,21.0,0.0675,0.0653,9,-2.5,PASS,NO
DeAndre Hopkins,WR,FA,BYE,4,20.0,0.0653,0.0632,9,-2.7,PASS,NO
Brandin Cooks,WR,SFO,BYE,4,20.0,0.0653,0.0632,9,-2.7,PASS,NO
Adam Thielen,WR,FA,BYE,4,20.0,0.0653,0.0632,9,-2.7,PASS,NO
Amari Cooper,WR,FA,BYE,4,20.0,0.0653,0.0632,9,-2.7,PASS,NO
Nelson Agholor,WR,FA,BYE,4,20.0,0.0653,0.0632,9,-2.7,PASS,NO
Tyler Lockett,WR,FA,BYE,4,20.0,0.0653,0.0632,9,-2.7,PASS,NO
Phillip Dorsett,WR,LVR,BYE,4,20.0,0.0653,0.0632,9,-2.7,PASS,NO
DeAndre Carter,WR,FA,BYE,4,20.0,0.0653,0.0632,9,-2.7,PASS,NO
James Winchester,TE,KCC,BYE,4,20.0,0.0653,0.0632,9,-2.7,PASS,NO
Tyler Boyd,WR,FA,BYE,4,20.0,0.0653,0.0632,9,-2.7,PASS,NO
Sterling Shepard,WR,NYJ,BYE,4,20.0,0.0653,0.0632,9,-2.7,PASS,NO
Austin Hooper,TE,ATL,BYE,4,20.0,0.0653,0.0632,9,-2.7,PASS,NO
Tyler Higbee,TE,LAR,BYE,4,20.0,0.0653,0.0632,9,-2.7,PASS,NO
Demarcus Robinson,WR,SFO,BYE,4,20.0,0.0653,0.0632,9,-2.7,PASS,NO
Tyreek Hill,WR,FA,BYE,4,20.0,0.0653,0.0632,9,-2.7,PASS,NO
Robbie Chosen,WR,WAS,BYE,4,20.0,0.0653,0.0632,9,-2.7,PASS,NO
Mike Williams,WR,FA,BYE,4,20.0,0.0653,0.0632,9,-2.7,PASS,NO
JuJu Smith-Schuster,WR,FA,BYE,4,20.0,0.0653,0.0632,9,-2.7,PASS,NO
Curtis Samuel,WR,FA,BYE,4,20.0,0.0653,0.0632,9,-2.7,PASS,NO
Cooper Kupp,WR,SEA,BYE,4,20.0,0.0653,0.0632,9,-2.7,PASS,NO
Josh Reynolds,WR,NYJ,BYE,4,20.0,0.0653,0.0632,9,-2.7,PASS,NO
Noah Brown,WR,FA,BYE,4,20.0,0.0653,0.0632,9,-2.7,PASS,NO
Zay Jones,WR,FA,BYE,4,20.0,0.0653,0.0632,9,-2.7,PASS,NO
David Njoku,TE,LAC,BYE,4,20.0,0.0653,0.0632,9,-2.7,PASS,NO
Jonnu Smith,TE,GBP,BYE,4,20.0,0.0653,0.0632,9,-2.7,PASS,NO
Gerald Everett,TE,FA,BYE,4,20.0,0.0653,0.0632,9,-2.7,PASS,NO
Mack Hollins,WR,NEP,BYE,4,20.0,0.0653,0.0632,9,-2.7,PASS,NO
Jamal Agnew,WR,FA,BYE,4,20.0,0.0653,0.0632,9,-2.7,PASS,NO
Eric Saubert,TE,SEA,BYE,4,20.0,0.0653,0.0632,9,-2.7,PASS,NO
Trent Taylor,WR,FA,BYE,4,20.0,0.0653,0.0632,9,-2.7,PASS,NO
David Moore,WR,CAR,BYE,4,20.0,0.0653,0.0632,9,-2.7,PASS,NO
Tim Patrick,WR,NYJ,BYE,4,20.0,0.0653,0.0632,9,-2.7,PASS,NO
Kendrick Bourne,WR,ARI,BYE,4,20.0,0.0653,0.0632,9,-2.7,PASS,NO
Taysom Hill,TE,FA,BYE,4,20.0,0.0653,0.0632,9,-2.7,PASS,NO
Robert Tonyan,TE,PIT,BYE,4,20.0,0.0653,0.0632,9,-2.7,PASS,NO
Zach Pascal,WR,FA,BYE,4,20.0,0.0653,0.0632,9,-2.7,PASS,NO
Allen Lazard,WR,FA,BYE,4,20.0,0.0653,0.0632,9,-2.7,PASS,NO
Christian Kirk,WR,SFO,BYE,4,20.0,0.0653,0.0632,9,-2.7,PASS,NO
Dante Pettis,WR,FA,BYE,4,20.0,0.0653,0.0632,9,-2.7,PASS,NO
Ray-Ray McCloud,WR,FA,BYE,4,20.0,0.0653,0.0632,9,-2.7,PASS,NO
Cedrick Wilson,WR,FA,BYE,4,20.0,0.0653,0.0632,9,-2.7,PASS,NO
D.J. Chark,WR,FA,BYE,4,20.0,0.0653,0.0632,9,-2.7,PASS,NO
Malik Turner,WR,FA,BYE,4,20.0,0.0653,0.0632,9,-2.7,PASS,NO
Ian Thomas,TE,LVR,BYE,4,20.0,0.0653,0.0632,9,-2.7,PASS,NO
Hayden Hurst,TE,FA,BYE,4,20.0,0.0653,0.0632,9,-2.7,PASS,NO
Jordan Akins,TE,JAC,BYE,4,20.0,0.0653,0.0632,9,-2.7,PASS,NO
Will Dissly,TE,FA,BYE,4,20.0,0.0653,0.0632,9,-2.7,PASS,NO
Justin Watson,WR,FA,BYE,4,20.0,0.0653,0.0632,9,-2.7,PASS,NO
Marquez Valdes-Scantling,WR,LAC,BYE,4,20.0,0.0653,0.0632,9,-2.7,PASS,NO
Russell Gage,WR,SFO,BYE,4,20.0,0.0653,0.0632,9,-2.7,PASS,NO
River Cracraft,WR,FA,BYE,4,20.0,0.0653,0.0632,9,-2.7,PASS,NO
Anthony Firkser,TE,FA,BYE,4,20.0,0.0653,0.0632,9,-2.7,PASS,NO
KhaDarel Hodge,WR,SFO,BYE,4,20.0,0.0653,0.0632,9,-2.7,PASS,NO
Ross Dwelley,TE,CAR,BYE,4,20.0,0.0653,0.0632,9,-2.7,PASS,NO
Tyree Jackson,TE,WAS,BYE,4,20.0,0.0653,0.0632,9,-2.7,PASS,NO
David Sills,WR,TBB,BYE,4,20.0,0.0653,0.0632,9,-2.7,PASS,NO
Parris Campbell,WR,FA,BYE,4,20.0,0.0653,0.0632,9,-2.7,PASS,NO
Mecole Hardman,WR,FA,BYE,4,20.0,0.0653,0.0632,9,-2.7,PASS,NO
Gary Jennings,WR,LAC,BYE,4,20.0,0.0653,0.0632,9,-2.7,PASS,NO
Hunter Renfrow,WR,FA,BYE,4,20.0,0.0653,0.0632,9,-2.7,PASS,NO
Noah Fant,TE,NOS,BYE,4,20.0,0.0653,0.0632,9,-2.7,PASS,NO
Irv Smith,TE,FA,BYE,4,20.0,0.0653,0.0632,9,-2.7,PASS,NO
Diontae Johnson,WR,FA,BYE,4,20.0,0.0653,0.0632,9,-2.7,PASS,NO
Josh Oliver,TE,MIN,BYE,4,20.0,0.0653,0.0632,9,-2.7,PASS,NO
Scotty Miller,WR,FA,BYE,4,20.0,0.0653,0.0632,9,-2.7,PASS,NO
Donald Parham,TE,PIT,BYE,4,20.0,0.0653,0.0632,9,-2.7,PASS,NO
Alex Bachman,WR,LAR,BYE,4,20.0,0.0653,0.0632,9,-2.7,PASS,NO
Olamide Zaccheaus,WR,ATL,BYE,4,20.0,0.0653,0.0632,9,-2.7,PASS,NO
Steven Sims,WR,ARI,BYE,4,20.0,0.0653,0.0632,9,-2.7,PASS,NO
Henry Ruggs,WR,FA,BYE,4,20.0,0.0653,0.0632,9,-2.7,PASS,NO
Laviska Shenault,WR,FA,BYE,4,20.0,0.0653,0.0632,9,-2.7,PASS,NO
Brandon Aiyuk,WR,SFO,BYE,4,20.0,0.0653,0.0632,9,-2.7,PASS,NO
Chase Claypool,WR,FA,BYE,4,20.0,0.0653,0.0632,9,-2.7,PASS,NO
Michael Pittman,WR,PIT,BYE,4,20.0,0.0653,0.0632,9,-2.7,PASS,NO
Devin Duvernay,WR,ARI,BYE,4,20.0,0.0653,0.0632,9,-2.7,PASS,NO
Isaiah Hodgins,WR,PIT,BYE,4,20.0,0.0653,0.0632,9,-2.7,PASS,NO
Donovan Peoples-Jones,WR,FA,BYE,4,20.0,0.0653,0.0632,9,-2.7,PASS,NO
Van Jefferson,WR,WAS,BYE,4,20.0,0.0653,0.0632,9,-2.7,PASS,NO
Jauan Jennings,WR,MIN,BYE,4,20.0,0.0653,0.0632,9,-2.7,PASS,NO
Tyler Johnson,WR,NYJ,BYE,4,20.0,0.0653,0.0632,9,-2.7,PASS,NO
Colby Parkinson,TE,LAR,BYE,4,20.0,0.0653,0.0632,9,-2.7,PASS,NO
Albert Okwuegbunam,TE,LVR,BYE,4,20.0,0.0653,0.0632,9,-2.7,PASS,NO
Harrison Bryant,TE,FA,BYE,4,20.0,0.0653,0.0632,9,-2.7,PASS,NO
Charlie Woerner,TE,ATL,BYE,4,20.0,0.0653,0.0632,9,-2.7,PASS,NO
Quez Watkins,WR,FA,BYE,4,20.0,0.0653,0.0632,9,-2.7,PASS,NO
Lawrence Cager,TE,FA,BYE,4,20.0,0.0653,0.0632,9,-2.7,PASS,NO
Sean McKeon,TE,FA,BYE,4,20.0,0.0653,0.0632,9,-2.7,PASS,NO
Feleipe Franks,TE,CAR,BYE,4,20.0,0.0653,0.0632,9,-2.7,PASS,NO
Kadarius Toney,WR,FA,BYE,4,20.0,0.0653,0.0632,9,-2.7,PASS,NO
Dyami Brown,WR,WAS,BYE,4,20.0,0.0653,0.0632,9,-2.7,PASS,NO
Tutu Atwell,WR,LAR,BYE,4,20.0,0.0653,0.0632,9,-2.7,PASS,NO
Simi Fehoko,WR,ARI,BYE,4,20.0,0.0653,0.0632,9,-2.7,PASS,NO
Terrace Marshall,WR,FA,BYE,4,20.0,0.0653,0.0632,9,-2.7,PASS,NO
Tommy Tremble,TE,CAR,BYE,4,20.0,0.0653,0.0632,9,-2.7,PASS,NO
Hunter Long,TE,ARI,BYE,4,20.0,0.0653,0.0632,9,-2.7,PASS,NO
Luke Farrell,TE,SFO,BYE,4,20.0,0.0653,0.0632,9,-2.7,PASS,NO
Noah Gray,TE,KCC,BYE,4,20.0,0.0653,0.0632,9,-2.7,PASS,NO
Quintin Morris,TE,JAC,BYE,4,20.0,0.0653,0.0632,9,-2.7,PASS,NO
John Bates,TE,WAS,BYE,4,20.0,0.0653,0.0632,9,-2.7,PASS,NO
Ihmir Smith-Marsette,WR,CAR,BYE,4,20.0,0.0653,0.0632,9,-2.7,PASS,NO
Ben Skowronek,WR,PIT,BYE,4,20.0,0.0653,0.0632,9,-2.7,PASS,NO
Mason Kinsey,WR,FA,BYE,4,20.0,0.0653,0.0632,9,-2.7,PASS,NO
Jack Stoll,TE,SFO,BYE,4,20.0,0.0653,0.0632,9,-2.7,PASS,NO
Cody White,WR,LVR,BYE,4,20.0,0.0653,0.0632,9,-2.7,PASS,NO
Shane Zylstra,TE,NEP,BYE,4,20.0,0.0653,0.0632,9,-2.7,PASS,NO
Chris Myarick,TE,LVR,BYE,4,20.0,0.0653,0.0632,9,-2.7,PASS,NO
Treylon Burks,WR,WAS,BYE,4,20.0,0.0653,0.0632,9,-2.7,PASS,NO
Jahan Dotson,WR,ATL,BYE,4,20.0,0.0653,0.0632,9,-2.7,PASS,NO
John Metchie,WR,CAR,BYE,4,20.0,0.0653,0.0632,9,-2.7,PASS,NO
Justyn Ross,WR,FA,BYE,4,20.0,0.0653,0.0632,9,-2.7,PASS,NO
Kevin Austin,WR,NOS,BYE,4,20.0,0.0653,0.0632,9,-2.7,PASS,NO
Skyy Moore,WR,GBP,BYE,4,20.0,0.0653,0.0632,9,-2.7,PASS,NO
Velus Jones,WR,SEA,BYE,4,20.0,0.0653,0.0632,9,-2.7,PASS,NO
Bo Melton,WR,GBP,BYE,4,20.0,0.0653,0.0632,9,-2.7,PASS,NO
Jalen Nailor,WR,LVR,BYE,4,20.0,0.0653,0.0632,9,-2.7,PASS,NO
Tyquan Thornton,WR,KCC,BYE,4,20.0,0.0653,0.0632,9,-2.7,PASS,NO
Charlie Kolar,TE,LAC,BYE,4,20.0,0.0653,0.0632,9,-2.7,PASS,NO
Jeremy Ruckert,TE,NYJ,BYE,4,20.0,0.0653,0.0632,9,-2.7,PASS,NO
Connor Heyward,TE,LVR,BYE,4,20.0,0.0653,0.0632,9,-2.7,PASS,NO
Cade Otton,TE,TBB,BYE,4,20.0,0.0653,0.0632,9,-2.7,PASS,NO
Jelani Woods,TE,NYJ,BYE,4,20.0,0.0653,0.0632,9,-2.7,PASS,NO
Samori Toure,WR,FA,BYE,4,20.0,0.0653,0.0632,9,-2.7,PASS,NO
Chigoziem Okonkwo,TE,WAS,BYE,4,20.0,0.0653,0.0632,9,-2.7,PASS,NO
Teagan Quitoriano,TE,ARI,BYE,4,20.0,0.0653,0.0632,9,-2.7,PASS,NO
James Mitchell,TE,CAR,BYE,4,20.0,0.0653,0.0632,9,-2.7,PASS,NO
Ko Kieft,TE,TBB,BYE,4,20.0,0.0653,0.0632,9,-2.7,PASS,NO
Nick Muse,TE,ATL,BYE,4,20.0,0.0653,0.0632,9,-2.7,PASS,NO
Dareke Young,WR,LVR,BYE,4,20.0,0.0653,0.0632,9,-2.7,PASS,NO
Deven Thompkins,WR,LVR,BYE,4,20.0,0.0653,0.0632,9,-2.7,PASS,NO
KaVontae Turpin,WR,DAL,BYE,4,20.0,0.0653,0.0632,9,-2.7,PASS,NO
Tanner Conner,TE,NEP,BYE,4,20.0,0.0653,0.0632,9,-2.7,PASS,NO
DJ Turner,WR,FA,BYE,4,20.0,0.0653,0.0632,9,-2.7,PASS,NO
Tim Jones,WR,JAC,BYE,4,20.0,0.0653,0.0632,9,-2.7,PASS,NO
Jake Tonges,TE,SFO,BYE,4,20.0,0.0653,0.0632,9,-2.7,PASS,NO
Andre Baccellia,WR,FA,BYE,4,20.0,0.0653,0.0632,9,-2.7,PASS,NO
Maurice Alexander,WR,FA,BYE,4,20.0,0.0653,0.0632,9,-2.7,PASS,NO
Rashid Shaheed,WR,SEA,BYE,4,20.0,0.0653,0.0632,9,-2.7,PASS,NO
Stone Smartt,TE,NOS,BYE,4,20.0,0.0653,0.0632,9,-2.7,PASS,NO
Austin Trammell,WR,JAC,BYE,4,20.0,0.0653,0.0632,9,-2.7,PASS,NO
Malik Cunningham,WR,FA,BYE,4,20.0,0.0653,0.0632,9,-2.7,PASS,NO
Cedric Tillman,WR,NOS,BYE,4,20.0,0.0653,0.0632,9,-2.7,PASS,NO
A.T. Perry,WR,FA,BYE,4,20.0,0.0653,0.0632,9,-2.7,PASS,NO
Jonathan Mingo,WR,DAL,BYE,4,20.0,0.0653,0.0632,9,-2.7,PASS,NO
Trey Palmer,WR,NOS,BYE,4,20.0,0.0653,0.0632,9,-2.7,PASS,NO
Ronnie Bell,WR,LVR,BYE,4,20.0,0.0653,0.0632,9,-2.7,PASS,NO
Charlie Jones,WR,FA,BYE,4,20.0,0.0653,0.0632,9,-2.7,PASS,NO
Tyler Scott,WR,LVR,BYE,4,20.0,0.0653,0.0632,9,-2.7,PASS,NO
Justin Shorter,WR,FA,BYE,4,20.0,0.0653,0.0632,9,-2.7,PASS,NO
Michael Mayer,TE,LVR,BYE,4,20.0,0.0653,0.0632,9,-2.7,PASS,NO
Luke Musgrave,TE,GBP,BYE,4,20.0,0.0653,0.0632,9,-2.7,PASS,NO
Cameron Latu,TE,NEP,BYE,4,20.0,0.0653,0.0632,9,-2.7,PASS,NO
Payne Durham,TE,TBB,BYE,4,20.0,0.0653,0.0632,9,-2.7,PASS,NO
Davis Allen,TE,LAR,BYE,4,20.0,0.0653,0.0632,9,-2.7,PASS,NO
Luke Schoonmaker,TE,DAL,BYE,4,20.0,0.0653,0.0632,9,-2.7,PASS,NO
Zack Kuntz,TE,FA,BYE,4,20.0,0.0653,0.0632,9,-2.7,PASS,NO
Brenton Strange,TE,JAC,BYE,4,20.0,0.0653,0.0632,9,-2.7,PASS,NO
Derius Davis,WR,LAC,BYE,4,20.0,0.0653,0.0632,9,-2.7,PASS,NO
Josh Whyle,TE,GBP,BYE,4,20.0,0.0653,0.0632,9,-2.7,PASS,NO
Elijah Higgins,TE,ARI,BYE,4,20.0,0.0653,0.0632,9,-2.7,PASS,NO
Demario Douglas,WR,NEP,BYE,4,20.0,0.0653,0.0632,9,-2.7,PASS,NO
Colton Dowell,WR,FA,BYE,4,20.0,0.0653,0.0632,9,-2.7,PASS,NO
Jalen Brooks,WR,ARI,BYE,4,20.0,0.0653,0.0632,9,-2.7,PASS,NO
Brayden Willis,TE,SFO,BYE,4,20.0,0.0653,0.0632,9,-2.7,PASS,NO
Jake Bobo,WR,SEA,BYE,4,20.0,0.0653,0.0632,9,-2.7,PASS,NO
Jalen Cropper,WR,NOS,BYE,4,20.0,0.0653,0.0632,9,-2.7,PASS,NO
Malik Heath,WR,ATL,BYE,4,20.0,0.0653,0.0632,9,-2.7,PASS,NO
Nikko Remigio,WR,KCC,BYE,4,20.0,0.0653,0.0632,9,-2.7,PASS,NO
Jason Brownlee,WR,FA,BYE,4,20.0,0.0653,0.0632,9,-2.7,PASS,NO
Julian Hill,TE,NEP,BYE,4,20.0,0.0653,0.0632,9,-2.7,PASS,NO
Xavier Smith,WR,LAR,BYE,4,20.0,0.0653,0.0632,9,-2.7,PASS,NO
Dylan Drummond,WR,ATL,BYE,4,20.0,0.0653,0.0632,9,-2.7,PASS,NO
Travis Vokolek,TE,ARI,BYE,4,20.0,0.0653,0.0632,9,-2.7,PASS,NO
Elijah Cooks,WR,FA,BYE,4,20.0,0.0653,0.0632,9,-2.7,PASS,NO
Ben Sims,TE,FA,BYE,4,20.0,0.0653,0.0632,9,-2.7,PASS,NO
Chris Blair,WR,ATL,BYE,4,20.0,0.0653,0.0632,9,-2.7,PASS,NO
Tucker Fisk,TE,LAC,BYE,4,20.0,0.0653,0.0632,9,-2.7,PASS,NO
Ricky Pearsall,WR,SFO,BYE,4,20.0,0.0653,0.0632,9,-2.7,PASS,NO
Brenden Rice,WR,FA,BYE,4,20.0,0.0653,0.0632,9,-2.7,PASS,NO
Jamari Thrash,WR,FA,BYE,4,20.0,0.0653,0.0632,9,-2.7,PASS,NO
Jalen McMillan,WR,TBB,BYE,4,20.0,0.0653,0.0632,9,-2.7,PASS,NO
Roman Wilson,WR,PIT,BYE,4,20.0,0.0653,0.0632,9,-2.7,PASS,NO
Isaiah Williams,WR,NYJ,BYE,4,20.0,0.0653,0.0632,9,-2.7,PASS,NO
Ja'Lynn Polk,WR,FA,BYE,4,20.0,0.0653,0.0632,9,-2.7,PASS,NO
Jermaine Burton,WR,FA,BYE,4,20.0,0.0653,0.0632,9,-2.7,PASS,NO
Jordan Whittington,WR,LAR,BYE,4,20.0,0.0653,0.0632,9,-2.7,PASS,NO
Xavier Weaver,WR,FA,BYE,4,20.0,0.0653,0.0632,9,-2.7,PASS,NO
Luke McCaffrey,WR,WAS,BYE,4,20.0,0.0653,0.0632,9,-2.7,PASS,NO
Javon Baker,WR,SFO,BYE,4,20.0,0.0653,0.0632,9,-2.7,PASS,NO
Xavier Legette,WR,CAR,BYE,4,20.0,0.0653,0.0632,9,-2.7,PASS,NO
Jacob Cowing,WR,SFO,BYE,4,20.0,0.0653,0.0632,9,-2.7,PASS,NO
Ja'Tavion Sanders,TE,CAR,BYE,4,20.0,0.0653,0.0632,9,-2.7,PASS,NO
Ben Sinnott,TE,WAS,BYE,4,20.0,0.0653,0.0632,9,-2.7,PASS,NO
Jaheim Bell,TE,FA,BYE,4,20.0,0.0653,0.0632,9,-2.7,PASS,NO
Brevyn Spann-Ford,TE,DAL,BYE,4,20.0,0.0653,0.0632,9,-2.7,PASS,NO
Jared Wiley,TE,KCC,BYE,4,20.0,0.0653,0.0632,9,-2.7,PASS,NO
Ainias Smith,WR,FA,BYE,4,20.0,0.0653,0.0632,9,-2.7,PASS,NO
Tip Reiman,TE,ARI,BYE,4,20.0,0.0653,0.0632,9,-2.7,PASS,NO
AJ Barner,TE,SEA,BYE,4,20.0,0.0653,0.0632,9,-2.7,PASS,NO
Jha'Quan Jackson,WR,FA,BYE,4,20.0,0.0653,0.0632,9,-2.7,PASS,NO
Casey Washington,WR,CAR,BYE,4,20.0,0.0653,0.0632,9,-2.7,PASS,NO
Tejhaun Palmer,WR,FA,BYE,4,20.0,0.0653,0.0632,9,-2.7,PASS,NO
Tanner McLachlan,TE,FA,BYE,4,20.0,0.0653,0.0632,9,-2.7,PASS,NO
Tahj Washington,WR,FA,BYE,4,20.0,0.0653,0.0632,9,-2.7,PASS,NO
Devin Culp,TE,TBB,BYE,4,20.0,0.0653,0.0632,9,-2.7,PASS,NO
Cornelius Johnson,WR,FA,BYE,4,20.0,0.0653,0.0632,9,-2.7,PASS,NO
Joshua Cephus,WR,JAC,BYE,4,20.0,0.0653,0.0632,9,-2.7,PASS,NO
Dayton Wade,WR,FA,BYE,4,20.0,0.0653,0.0632,9,-2.7,PASS,NO
Cole Burgess,WR,PIT,BYE,4,20.0,0.0653,0.0632,9,-2.7,PASS,NO
Xavier Johnson,WR,FA,BYE,4,20.0,0.0653,0.0632,9,-2.7,PASS,NO
Mason Pline,TE,FA,BYE,4,20.0,0.0653,0.0632,9,-2.7,PASS,NO
Jack Westover,TE,WAS,BYE,4,20.0,0.0653,0.0632,9,-2.7,PASS,NO
McCallan Castles,TE,FA,BYE,4,20.0,0.0653,0.0632,9,-2.7,PASS,NO
Mason Tipton,WR,NOS,BYE,4,20.0,0.0653,0.0632,9,-2.7,PASS,NO
Kameron Johnson,WR,TBB,BYE,4,20.0,0.0653,0.0632,9,-2.7,PASS,NO
Colson Yankoff,TE,WAS,BYE,4,20.0,0.0653,0.0632,9,-2.7,PASS,NO
Brycen Tremayne,WR,CAR,BYE,4,20.0,0.0653,0.0632,9,-2.7,PASS,NO
Brenden Bates,TE,JAC,BYE,4,20.0,0.0653,0.0632,9,-2.7,PASS,NO
Cam Grandy,TE,MIN,BYE,4,20.0,0.0653,0.0632,9,-2.7,PASS,NO
Tre Harris,WR,LAC,BYE,4,20.0,0.0653,0.0632,9,-2.7,PASS,NO
Travis Hunter,WR,JAC,BYE,4,20.0,0.0653,0.0632,9,-2.7,PASS,NO
Jack Bech,WR,LVR,BYE,4,20.0,0.0653,0.0632,9,-2.7,PASS,NO
Tez Johnson,WR,TBB,BYE,4,20.0,0.0653,0.0632,9,-2.7,PASS,NO
Ricky White,WR,SEA,BYE,4,20.0,0.0653,0.0632,9,-2.7,PASS,NO
Jalen Royals,WR,KCC,BYE,4,20.0,0.0653,0.0632,9,-2.7,PASS,NO
Dont'e Thornton,WR,LVR,BYE,4,20.0,0.0653,0.0632,9,-2.7,PASS,NO
Theo Wease,WR,LAC,BYE,4,20.0,0.0653,0.0632,9,-2.7,PASS,NO
Antwane Wells,WR,ATL,BYE,4,20.0,0.0653,0.0632,9,-2.7,PASS,NO
Ja'Corey Brooks,WR,FA,BYE,4,20.0,0.0653,0.0632,9,-2.7,PASS,NO
Savion Williams,WR,GBP,BYE,4,20.0,0.0653,0.0632,9,-2.7,PASS,NO
Tai Felton,WR,MIN,BYE,4,20.0,0.0653,0.0632,9,-2.7,PASS,NO
Tory Horton,WR,SEA,BYE,4,20.0,0.0653,0.0632,9,-2.7,PASS,NO
Nick Nash,WR,FA,BYE,4,20.0,0.0653,0.0632,9,-2.7,PASS,NO
Mason Taylor,TE,NYJ,BYE,4,20.0,0.0653,0.0632,9,-2.7,PASS,NO
Elijah Arroyo,TE,SEA,BYE,4,20.0,0.0653,0.0632,9,-2.7,PASS,NO
Mitchell Evans,TE,CAR,BYE,4,20.0,0.0653,0.0632,9,-2.7,PASS,NO
Luke Lachey,TE,FA,BYE,4,20.0,0.0653,0.0632,9,-2.7,PASS,NO
Kyle Williams,WR,NEP,BYE,4,20.0,0.0653,0.0632,9,-2.7,PASS,NO
Arian Smith,WR,NYJ,BYE,4,20.0,0.0653,0.0632,9,-2.7,PASS,NO
Jaylin Lane,WR,WAS,BYE,4,20.0,0.0653,0.0632,9,-2.7,PASS,NO
Jordan Watkins,WR,SFO,BYE,4,20.0,0.0653,0.0632,9,-2.7,PASS,NO
KeAndre Lambert-Smith,WR,LAC,BYE,4,20.0,0.0653,0.0632,9,-2.7,PASS,NO
Gavin Bartholomew,TE,MIN,BYE,4,20.0,0.0653,0.0632,9,-2.7,PASS,NO
Tommy Mellott,WR,NOS,BYE,4,20.0,0.0653,0.0632,9,-2.7,PASS,NO
Konata Mumpfield,WR,LAR,BYE,4,20.0,0.0653,0.0632,9,-2.7,PASS,NO
Moliki Matavao,TE,NOS,BYE,4,20.0,0.0653,0.0632,9,-2.7,PASS,NO
Junior Bergen,WR,FA,BYE,4,20.0,0.0653,0.0632,9,-2.7,PASS,NO
Jake Briningstool,TE,KCC,BYE,4,20.0,0.0653,0.0632,9,-2.7,PASS,NO
Efton Chism,WR,NEP,BYE,4,20.0,0.0653,0.0632,9,-2.7,PASS,NO
Isaiah Neyor,WR,GBP,BYE,4,20.0,0.0653,0.0632,9,-2.7,PASS,NO
Andrew Armstrong,WR,KCC,BYE,4,20.0,0.0653,0.0632,9,-2.7,PASS,NO
Coleman Owen,WR,FA,BYE,4,20.0,0.0653,0.0632,9,-2.7,PASS,NO
CJ Dippre,TE,TBB,BYE,4,20.0,0.0653,0.0632,9,-2.7,PASS,NO
Jalin Conyers,TE,FA,BYE,4,20.0,0.0653,0.0632,9,-2.7,PASS,NO
Ben Yurosek,TE,MIN,BYE,4,20.0,0.0653,0.0632,9,-2.7,PASS,NO
Courtney Jackson,WR,FA,BYE,4,20.0,0.0653,0.0632,9,-2.7,PASS,NO
Jamaal Pritchett,WR,NYJ,BYE,4,20.0,0.0653,0.0632,9,-2.7,PASS,NO
Luke Grimm,WR,FA,BYE,4,20.0,0.0653,0.0632,9,-2.7,PASS,NO
Beaux Collins,WR,ATL,BYE,4,20.0,0.0653,0.0632,9,-2.7,PASS,NO
Joaquin Davis,WR,FA,BYE,4,20.0,0.0653,0.0632,9,-2.7,PASS,NO
Joshua Simon,TE,WAS,BYE,4,20.0,0.0653,0.0632,9,-2.7,PASS,NO
Luke Floriea,WR,FA,BYE,4,20.0,0.0653,0.0632,9,-2.7,PASS,NO
Brennan Presley,WR,LAR,BYE,4,20.0,0.0653,0.0632,9,-2.7,PASS,NO
Dalevon Campbell,WR,FA,BYE,4,20.0,0.0653,0.0632,9,-2.7,PASS,NO
Myles Price,WR,MIN,BYE,4,20.0,0.0653,0.0632,9,-2.7,PASS,NO
Carter Runyon,TE,LVR,BYE,4,20.0,0.0653,0.0632,9,-2.7,PASS,NO
Ke'Shawn Williams,WR,FA,BYE,4,20.0,0.0653,0.0632,9,-2.7,PASS,NO
Hayden Rucci,TE,LAC,BYE,4,20.0,0.0653,0.0632,9,-2.7,PASS,NO
Nick Kallerup,TE,SEA,BYE,4,20.0,0.0653,0.0632,9,-2.7,PASS,NO
Jacoby Jones,WR,FA,BYE,4,20.0,0.0653,0.0632,9,-2.7,PASS,NO
Sal Cannella,TE,FA,BYE,4,20.0,0.0653,0.0632,9,-2.7,PASS,NO
Jakobie Keeney-James,WR,FA,BYE,4,20.0,0.0653,0.0632,9,-2.7,PASS,NO
Omar Cooper Jr.,WR,NYJ,BYE,4,20.0,0.0653,0.0632,9,-2.7,PASS,NO
Germie Bernard,WR,PIT,BYE,4,20.0,0.0653,0.0632,9,-2.7,PASS,NO
CJ Daniels,WR,LAR,BYE,4,20.0,0.0653,0.0632,9,-2.7,PASS,NO
Chris Brazzell II,WR,CAR,BYE,4,20.0,0.0653,0.0632,9,-2.7,PASS,NO
Eric McAlister,WR,FA,BYE,4,20.0,0.0653,0.0632,9,-2.7,PASS,NO
Eric Rivers,WR,TBB,BYE,4,20.0,0.0653,0.0632,9,-2.7,PASS,NO
Aaron Anderson,WR,FA,BYE,4,20.0,0.0653,0.0632,9,-2.7,PASS,NO
Cyrus Allen,WR,KCC,BYE,4,20.0,0.0653,0.0632,9,-2.7,PASS,NO
Ted Hurst,WR,TBB,BYE,4,20.0,0.0653,0.0632,9,-2.7,PASS,NO
Chase Roberts,WR,FA,BYE,4,20.0,0.0653,0.0632,9,-2.7,PASS,NO
Jeff Caldwell,WR,KCC,BYE,4,20.0,0.0653,0.0632,9,-2.7,PASS,NO
Reggie Virgil,WR,ARI,BYE,4,20.0,0.0653,0.0632,9,-2.7,PASS,NO
Josh Cameron,WR,JAC,BYE,4,20.0,0.0653,0.0632,9,-2.7,PASS,NO
Brenen Thompson,WR,LAC,BYE,4,20.0,0.0653,0.0632,9,-2.7,PASS,NO
Kobe Prentice,WR,FA,BYE,4,20.0,0.0653,0.0632,9,-2.7,PASS,NO
Trebor Pena,WR,JAC,BYE,4,20.0,0.0653,0.0632,9,-2.7,PASS,NO
Dillon Bell,WR,MIN,BYE,4,20.0,0.0653,0.0632,9,-2.7,PASS,NO
Harrison Wallace,WR,ARI,BYE,4,20.0,0.0653,0.0632,9,-2.7,PASS,NO
Donavon Greene,WR,FA,BYE,4,20.0,0.0653,0.0632,9,-2.7,PASS,NO
Chris Hilton Jr.,WR,GBP,BYE,4,20.0,0.0653,0.0632,9,-2.7,PASS,NO
Barion Brown,WR,NOS,BYE,4,20.0,0.0653,0.0632,9,-2.7,PASS,NO
Michael Trigg,TE,DAL,BYE,4,20.0,0.0653,0.0632,9,-2.7,PASS,NO
Max Klare,TE,LAR,BYE,4,20.0,0.0653,0.0632,9,-2.7,PASS,NO
Oscar Delp,TE,NOS,BYE,4,20.0,0.0653,0.0632,9,-2.7,PASS,NO
Nate Boerkircher,TE,JAC,BYE,4,20.0,0.0653,0.0632,9,-2.7,PASS,NO
Eli Raridon,TE,NEP,BYE,4,20.0,0.0653,0.0632,9,-2.7,PASS,NO
Kaden Wetjen,WR,PIT,BYE,4,20.0,0.0653,0.0632,9,-2.7,PASS,NO
Max Bredeson,TE,MIN,BYE,4,20.0,0.0653,0.0632,9,-2.7,PASS,NO
Tanner Koziol,TE,JAC,BYE,4,20.0,0.0653,0.0632,9,-2.7,PASS,NO
Riley Nowakowski,TE,PIT,BYE,4,20.0,0.0653,0.0632,9,-2.7,PASS,NO
Bauer Sharp,TE,TBB,BYE,4,20.0,0.0653,0.0632,9,-2.7,PASS,NO
Emmanuel Henderson,WR,SEA,BYE,4,20.0,0.0653,0.0632,9,-2.7,PASS,NO
C.J. Williams,WR,JAC,BYE,4,20.0,0.0653,0.0632,9,-2.7,PASS,NO
Anthony Smith,WR,FA,BYE,4,20.0,0.0653,0.0632,9,-2.7,PASS,NO
Malik Benson,WR,LVR,BYE,4,20.0,0.0653,0.0632,9,-2.7,PASS,NO
J Michael Sturdivant,WR,GBP,BYE,4,20.0,0.0653,0.0632,9,-2.7,PASS,NO
John Michael Gyllenborg,TE,KCC,BYE,4,20.0,0.0653,0.0632,9,-2.7,PASS,NO
Kyle Dixon,WR,NEP,BYE,4,20.0,0.0653,0.0632,9,-2.7,PASS,NO
Donaven McCulley,WR,FA,BYE,4,20.0,0.0653,0.0632,9,-2.7,PASS,NO
Dae'Quan Wright,TE,FA,BYE,4,20.0,0.0653,0.0632,9,-2.7,PASS,NO
Rohan Jones,TE,FA,BYE,4,20.0,0.0653,0.0632,9,-2.7,PASS,NO
Jordan Hudson,WR,DAL,BYE,4,20.0,0.0653,0.0632,9,-2.7,PASS,NO
Dan Villari,TE,LAR,BYE,4,20.0,0.0653,0.0632,9,-2.7,PASS,NO
Caullin Lacy,WR,FA,BYE,4,20.0,0.0653,0.0632,9,-2.7,PASS,NO
Brock Rechsteiner,WR,FA,BYE,4,20.0,0.0653,0.0632,9,-2.7,PASS,NO
Vinny Anthony,WR,ATL,BYE,4,20.0,0.0653,0.0632,9,-2.7,PASS,NO
RJ Maryland,TE,FA,BYE,4,20.0,0.0653,0.0632,9,-2.7,PASS,NO
Ja'Seem Reed,WR,CAR,BYE,4,20.0,0.0653,0.0632,9,-2.7,PASS,NO
Camden Brown,WR,DAL,BYE,4,20.0,0.0653,0.0632,9,-2.7,PASS,NO
Montorie Foster,WR,SEA,BYE,4,20.0,0.0653,0.0632,9,-2.7,PASS,NO
Khalil Dinkins,TE,SFO,BYE,4,20.0,0.0653,0.0632,9,-2.7,PASS,NO
Treyton Welch,TE,NOS,BYE,4,20.0,0.0653,0.0632,9,-2.7,PASS,NO
Tanner Arkin,TE,NEP,BYE,4,20.0,0.0653,0.0632,9,-2.7,PASS,NO
Michael Burton,RB,CLE,PIT,4,18.0,0.0623,0.0604,9,-3.0,PASS,NO
Eric Gray,RB,CLE,PIT,4,18.0,0.0623,0.0604,9,-3.0,PASS,NO
Jaleel McLaughlin,RB,CLE,PIT,4,18.0,0.0623,0.0604,9,-3.0,PASS,NO
Dylan Sampson,RB,CLE,PIT,4,18.0,0.0623,0.0604,9,-3.0,PASS,NO
Raheim Sanders,RB,CLE,PIT,4,18.0,0.0623,0.0604,9,-3.0,PASS,NO
Malik Willis,QB,MIA,MIN,4,14.5,0.0606,0.0588,8,-2.1,ROSTERED_MFL,YES
Kyle McCord,QB,MIA,MIN,4,14.5,0.0606,0.0588,8,-2.1,ROSTERED_MFL,YES
Michael Carter,RB,TEN,BAL,4,16.0,0.056,0.0545,8,-2.6,PASS,NO
Julius Chestnut,RB,TEN,BAL,4,16.0,0.056,0.0545,8,-2.6,PASS,NO
Kalel Mullings,RB,TEN,BAL,4,16.0,0.056,0.0545,8,-2.6,PASS,NO
Nicholas Singleton,RB,TEN,BAL,4,16.0,0.056,0.0545,8,-2.6,PASS,NO
Jeffery Wilson,RB,MIA,MIN,4,14.5,0.0516,0.0503,8,-3.0,PASS,NO
Jaylen Wright,RB,MIA,MIN,4,14.5,0.0516,0.0503,8,-3.0,PASS,NO
Carlos Washington,RB,MIA,MIN,4,14.5,0.0516,0.0503,8,-3.0,PASS,NO
Ollie Gordon,RB,MIA,MIN,4,14.5,0.0516,0.0503,8,-3.0,PASS,NO
Jarquez Hunter,RB,MIA,MIN,4,14.5,0.0516,0.0503,8,-3.0,PASS,NO
Le'Veon Moss,RB,MIA,MIN,4,14.5,0.0516,0.0503,8,-3.0,PASS,NO
DJ Herman,RB,MIA,MIN,4,14.5,0.0516,0.0503,8,-3.0,PASS,NO
Tylan Wallace,WR,CLE,PIT,4,18.0,0.0513,0.05,5,0.0,PASS,NO
David Bell,WR,CLE,PIT,4,18.0,0.0513,0.05,5,0.0,PASS,NO
John FitzPatrick,TE,CLE,PIT,4,18.0,0.0513,0.05,5,0.0,PASS,NO
Malachi Corley,WR,CLE,PIT,4,18.0,0.0513,0.05,5,0.0,PASS,NO
Bub Means,WR,CLE,PIT,4,18.0,0.0513,0.05,5,0.0,PASS,NO
Blake Whiteheart,TE,CLE,PIT,4,18.0,0.0513,0.05,5,0.0,PASS,NO
Isaiah Bond,WR,CLE,PIT,4,18.0,0.0513,0.05,5,0.0,PASS,NO
Jimmy Horn,WR,CLE,PIT,4,18.0,0.0513,0.05,5,0.0,PASS,NO
Joe Royer,TE,CLE,PIT,4,18.0,0.0513,0.05,5,0.0,PASS,NO
Carsen Ryan,TE,CLE,PIT,4,18.0,0.0513,0.05,5,0.0,PASS,NO
Calvin Ridley,WR,TEN,BAL,4,16.0,0.0461,0.0451,5,-0.5,PASS,NO
James Proche,WR,TEN,BAL,4,16.0,0.0461,0.0451,5,-0.5,PASS,NO
K.J. Osborn,WR,TEN,BAL,4,16.0,0.0461,0.0451,5,-0.5,PASS,NO
Kylen Granson,TE,TEN,BAL,4,16.0,0.0461,0.0451,5,-0.5,PASS,NO
Wan'Dale Robinson,WR,TEN,BAL,4,16.0,0.0461,0.0451,5,-0.5,PASS,NO
Daniel Bellinger,TE,TEN,BAL,4,16.0,0.0461,0.0451,5,-0.5,PASS,NO
David Martin-Robinson,TE,TEN,BAL,4,16.0,0.0461,0.0451,5,-0.5,PASS,NO
Xavier Restrepo,WR,TEN,BAL,4,16.0,0.0461,0.0451,5,-0.5,PASS,NO
Gunnar Helm,TE,TEN,BAL,4,16.0,0.0461,0.0451,5,-0.5,PASS,NO
Chimere Dike,WR,TEN,BAL,4,16.0,0.0461,0.0451,5,-0.5,PASS,NO
Carnell Tate,WR,TEN,BAL,4,16.0,0.0461,0.0451,5,-0.5,PASS,NO
Hank Beatty,WR,TEN,BAL,4,16.0,0.0461,0.0451,5,-0.5,PASS,NO
Jaren Kanak,TE,TEN,BAL,4,16.0,0.0461,0.0451,5,-0.5,PASS,NO
Tyren Montgomery,WR,TEN,BAL,4,16.0,0.0461,0.0451,5,-0.5,PASS,NO
Frank Gore Jr.,RB,BUF,NE,4,27.5,0.0456,0.0446,5,-0.5,PASS,NO
Jalen Reagor,WR,MIA,MIN,4,14.5,0.0425,0.0416,5,-0.8,PASS,NO
Dee Eskridge,WR,MIA,MIN,4,14.5,0.0425,0.0416,5,-0.8,PASS,NO
Jalen Tolbert,WR,MIA,MIN,4,14.5,0.0425,0.0416,5,-0.8,PASS,NO
Greg Dulcich,TE,MIA,MIN,4,14.5,0.0425,0.0416,5,-0.8,PASS,NO
Cole Turner,TE,MIA,MIN,4,14.5,0.0425,0.0416,5,-0.8,PASS,NO
Malik Washington,WR,MIA,MIN,4,14.5,0.0425,0.0416,5,-0.8,PASS,NO
Ryan Miller,WR,MIA,MIN,4,14.5,0.0425,0.0416,5,-0.8,PASS,NO
Chris Bell,WR,MIA,MIN,4,14.5,0.0425,0.0416,5,-0.8,PASS,NO
Kevin Coleman,WR,MIA,MIN,4,14.5,0.0425,0.0416,5,-0.8,PASS,NO
Justin Joly,TE,MIA,MIN,4,14.5,0.0425,0.0416,5,-0.8,PASS,NO
Caleb Douglas,WR,MIA,MIN,4,14.5,0.0425,0.0416,5,-0.8,PASS,NO
Will Kacmarek,TE,MIA,MIN,4,14.5,0.0425,0.0416,5,-0.8,PASS,NO
Seydou Traore,TE,MIA,MIN,4,14.5,0.0425,0.0416,5,-0.8,PASS,NO
Shane Buechele,QB,BUF,NE,4,27.5,0.0387,0.038,5,-1.2,PASS,NO
Luke Altmyer,QB,DET,CAR,4,27.0,0.0387,0.038,5,-1.2,PASS,NO
Josh Johnson,QB,CIN,JAX,4,27.0,0.0372,0.0365,5,-1.4,PASS,NO
Sean Clifford,QB,CIN,JAX,4,27.0,0.0372,0.0365,5,-1.4,PASS,NO
Daniel Jones,QB,IND,WAS,4,25.5,0.0357,0.0351,5,-1.5,PASS,NO
Anthony Richardson,QB,IND,WAS,4,25.5,0.0357,0.0351,5,-1.5,PASS,NO
Riley Leonard,QB,IND,WAS,4,25.5,0.0357,0.0351,5,-1.5,PASS,NO
Tanner McKee,QB,PHI,LAR,4,26.5,0.0356,0.035,5,-1.5,PASS,NO
Cole Payton,QB,PHI,LAR,4,26.5,0.0356,0.035,5,-1.5,PASS,NO
Skylar Thompson,QB,BAL,TEN,4,27.5,0.0355,0.0349,5,-1.5,PASS,NO
Joe Fagnano,QB,BAL,TEN,4,27.5,0.0355,0.0349,5,-1.5,PASS,NO
Graham Mertz,QB,HOU,DAL,4,24.0,0.0329,0.0324,5,-1.8,PASS,NO
Mark Gronowski,QB,HOU,DAL,4,24.0,0.0329,0.0324,5,-1.8,PASS,NO
Tyson Bagent,QB,CHI,NYJ,4,23.0,0.0305,0.03,5,-2.0,PASS,NO
Sam Ehlinger,QB,DEN,SF,4,22.5,0.0302,0.0297,5,-2.0,PASS,NO
J.J. McCarthy,QB,NYG,ARI,4,21.0,0.0289,0.0285,5,-2.2,PASS,NO
Tom Brady,QB,FA,BYE,4,20.0,0.028,0.0276,5,-2.2,PASS,NO
Philip Rivers,QB,FA,BYE,4,20.0,0.028,0.0276,5,-2.2,PASS,NO
Russell Wilson,QB,FA,BYE,4,20.0,0.028,0.0276,5,-2.2,PASS,NO
Teddy Bridgewater,QB,FA,BYE,4,20.0,0.028,0.0276,5,-2.2,PASS,NO
Derek Carr,QB,FA,BYE,4,20.0,0.028,0.0276,5,-2.2,PASS,NO
Jimmy Garoppolo,QB,LAR,BYE,4,20.0,0.028,0.0276,5,-2.2,PASS,NO
Trevor Siemian,QB,FA,BYE,4,20.0,0.028,0.0276,5,-2.2,PASS,NO
Taylor Heinicke,QB,FA,BYE,4,20.0,0.028,0.0276,5,-2.2,PASS,NO
Brandon Allen,QB,FA,BYE,4,20.0,0.028,0.0276,5,-2.2,PASS,NO
Jeff Driskel,QB,WAS,BYE,4,20.0,0.028,0.0276,5,-2.2,PASS,NO
Cooper Rush,QB,ATL,BYE,4,20.0,0.028,0.0276,5,-2.2,PASS,NO
Mike White,QB,FA,BYE,4,20.0,0.028,0.0276,5,-2.2,PASS,NO
Nick Mullens,QB,JAC,BYE,4,20.0,0.028,0.0276,5,-2.2,PASS,NO
Will Grier,QB,FA,BYE,4,20.0,0.028,0.0276,5,-2.2,PASS,NO
Brett Rypien,QB,FA,BYE,4,20.0,0.028,0.0276,5,-2.2,PASS,NO
Easton Stick,QB,TBB,BYE,4,20.0,0.028,0.0276,5,-2.2,PASS,NO
Jake Browning,QB,FA,BYE,4,20.0,0.028,0.0276,5,-2.2,PASS,NO
Tua Tagovailoa,QB,ATL,BYE,4,20.0,0.028,0.0276,5,-2.2,PASS,NO
John Wolford,QB,MIN,BYE,4,20.0,0.028,0.0276,5,-2.2,PASS,NO
Zach Wilson,QB,NOS,BYE,4,20.0,0.028,0.0276,5,-2.2,PASS,NO
Kyle Trask,QB,FA,BYE,4,20.0,0.028,0.0276,5,-2.2,PASS,NO
Bailey Zappe,QB,NYJ,BYE,4,20.0,0.028,0.0276,5,-2.2,PASS,NO
Desmond Ridder,QB,FA,BYE,4,20.0,0.028,0.0276,5,-2.2,PASS,NO
Chris Oladokun,QB,FA,BYE,4,20.0,0.028,0.0276,5,-2.2,PASS,NO
Will Levis,QB,NYJ,BYE,4,20.0,0.028,0.0276,5,-2.2,PASS,NO
Stetson Bennett,QB,LAR,BYE,4,20.0,0.028,0.0276,5,-2.2,PASS,NO
Jake Haener,QB,FA,BYE,4,20.0,0.028,0.0276,5,-2.2,PASS,NO
Aidan O'Connell,QB,LVR,BYE,4,20.0,0.028,0.0276,5,-2.2,PASS,NO
Clayton Tune,QB,FA,BYE,4,20.0,0.028,0.0276,5,-2.2,PASS,NO
Michael Penix Jr.,QB,ATL,BYE,4,20.0,0.028,0.0276,5,-2.2,PASS,NO
Joe Milton,QB,DAL,BYE,4,20.0,0.028,0.0276,5,-2.2,PASS,NO
Sam Hartman,QB,WAS,BYE,4,20.0,0.028,0.0276,5,-2.2,PASS,NO
Kedon Slovis,QB,GBP,BYE,4,20.0,0.028,0.0276,5,-2.2,PASS,NO
Adrian Martinez,QB,FA,BYE,4,20.0,0.028,0.0276,5,-2.2,PASS,NO
Carter Bradley,QB,FA,BYE,4,20.0,0.028,0.0276,5,-2.2,PASS,NO
Jalen Milroe,QB,SEA,BYE,4,20.0,0.028,0.0276,5,-2.2,PASS,NO
Will Howard,QB,PIT,BYE,4,20.0,0.028,0.0276,5,-2.2,PASS,NO
Kurtis Rourke,QB,SFO,BYE,4,20.0,0.028,0.0276,5,-2.2,PASS,NO
Cam Miller,QB,FA,BYE,4,20.0,0.028,0.0276,5,-2.2,PASS,NO
Max Brosmer,QB,MIN,BYE,4,20.0,0.028,0.0276,5,-2.2,PASS,NO
Seth Henigan,QB,FA,BYE,4,20.0,0.028,0.0276,5,-2.2,PASS,NO
DJ Uiagalelei,QB,LAC,BYE,4,20.0,0.028,0.0276,5,-2.2,PASS,NO
Garrett Nussmeier,QB,KCC,BYE,4,20.0,0.028,0.0276,5,-2.2,PASS,NO
Carson Beck,QB,ARI,BYE,4,20.0,0.028,0.0276,5,-2.2,PASS,NO
Drew Allar,QB,PIT,BYE,4,20.0,0.028,0.0276,5,-2.2,PASS,NO
Diego Pavia,QB,FA,BYE,4,20.0,0.028,0.0276,5,-2.2,PASS,NO
Athan Kaliakmanis,QB,WAS,BYE,4,20.0,0.028,0.0276,5,-2.2,PASS,NO
Behren Morton,QB,NEP,BYE,4,20.0,0.028,0.0276,5,-2.2,PASS,NO
Haynes King,QB,CAR,BYE,4,20.0,0.028,0.0276,5,-2.2,PASS,NO
Jack Strand,QB,ATL,BYE,4,20.0,0.028,0.0276,5,-2.2,PASS,NO
Deshaun Watson,QB,CLE,PIT,4,18.0,0.022,0.0218,5,-2.8,PASS,NO
Shedeur Sanders,QB,CLE,PIT,4,18.0,0.022,0.0218,5,-2.8,PASS,NO
Dillon Gabriel,QB,CLE,PIT,4,18.0,0.022,0.0218,5,-2.8,PASS,NO
Taylen Green,QB,CLE,PIT,4,18.0,0.022,0.0218,5,-2.8,PASS,NO
Mitchell Trubisky,QB,TEN,BAL,4,16.0,0.0198,0.0196,5,-3.0,PASS,NO
Hendon Hooker,QB,TEN,BAL,4,16.0,0.0198,0.0196,5,-3.0,PASS,NO
Cam Ward,QB,TEN,BAL,4,16.0,0.0198,0.0196,5,-3.0,PASS,NO
Brady Cook,QB,MIA,MIN,4,14.5,0.0182,0.018,5,-3.2,PASS,NO
Devin Singletary,RB,NYG,ARI,4,21.0,0.0,0.0,5,-5.0,INACTIVE_SCRATCH,YES
Isiah Pacheco,RB,DET,CAR,4,27.0,0.0,0.0,5,-5.0,INACTIVE_SCRATCH,YES
